Unnamed: 0,classifier,accuracy,precision,recall,fscore,ae_model,dim,qtd_views,views
0,LR,0.7185967559411542,0.7187013625802587,0.7174276648098031,0.7176214358360127,jointAAE,70,2,bert-falcon
1,SVM,0.5760090531874764,0.5752604737004201,0.5732663799384522,0.5717165195718727,jointAAE,70,2,bert-falcon
2,RF,0.9150509241795548,0.915661075185754,0.914443620397518,0.9148467828259398,jointAAE,70,2,bert-falcon
3,NB,0.5170124481327801,0.25850622406639,0.5,0.3408096280087528,jointAAE,70,2,bert-falcon
4,MLP,0.4829875518672199,0.2414937759336099,0.5,0.3256855064353665,jointAAE,70,2,bert-falcon
5,Extra,0.9198792908336476,0.9200643593166956,0.9195242959287904,0.9197395921993288,jointAAE,70,2,bert-falcon
6,KNN,0.5210863824971709,0.5213813249952746,0.5213999387230014,0.5210515739278758,jointAAE,70,2,bert-falcon
0,LR,0.6063372312334968,0.6056642374401349,0.6049095311808157,0.6047913503093096,jointAAE,70,2,cv-bert
1,SVM,0.5156544700113165,0.5084028303033626,0.505281129542684,0.4596002973607834,jointAAE,70,2,cv-bert
2,RF,0.6942285929837797,0.6962089671924026,0.6918516635301067,0.6915377781841419,jointAAE,70,2,cv-bert
3,NB,0.5170124481327801,0.25850622406639,0.5,0.3408096280087528,jointAAE,70,2,cv-bert
4,MLP,0.4829875518672199,0.2414937759336099,0.5,0.3256855064353665,jointAAE,70,2,cv-bert
5,Extra,0.6875141456054319,0.6916341542221147,0.6843661666724333,0.6832664700574829,jointAAE,70,2,cv-bert
6,KNN,0.5081101471142965,0.5062568280639581,0.5061831099129837,0.505412100765344,jointAAE,70,2,cv-bert
0,LR,0.5942663145982648,0.6018572956490906,0.5880908253490207,0.5770938630660379,jointAAE,70,2,cv-falcon
1,SVM,0.5176159939645417,0.5113982558867193,0.5067463618662507,0.4559360036589821,jointAAE,70,2,cv-falcon
2,RF,0.8259524707657487,0.8337271265220454,0.823260487919355,0.8239317878063579,jointAAE,70,2,cv-falcon
3,NB,0.5170124481327801,0.25850622406639,0.5,0.3408096280087528,jointAAE,70,2,cv-falcon
4,MLP,0.5024519049415315,0.502122850161126,0.5021245116519065,0.5020967711463257,jointAAE,70,2,cv-falcon
5,Extra,0.8420218785364013,0.8462552768932705,0.8400706691277755,0.8408467005964712,jointAAE,70,2,cv-falcon
6,KNN,0.5029800075443229,0.5015294238047996,0.5015198902028509,0.5011856303159433,jointAAE,70,2,cv-falcon
0,LR,0.6230856280648812,0.6225343570752654,0.6223506598810664,0.6223946810310079,jointAAE,70,2,cv-fast
1,SVM,0.5096944549226707,0.5018207366572888,0.5013881346268697,0.4737983905780077,jointAAE,70,2,cv-fast
2,RF,0.7164089023010185,0.7224012347009141,0.7131376480965268,0.7122369304713523,jointAAE,70,2,cv-fast
3,NB,0.5170124481327801,0.25850622406639,0.5,0.3408096280087528,jointAAE,70,2,cv-fast
4,MLP,0.4829875518672199,0.2414937759336099,0.5,0.3256855064353665,jointAAE,70,2,cv-fast
5,Extra,0.7096190116937005,0.7173041861494353,0.7059235602036482,0.7044196036161545,jointAAE,70,2,cv-fast
6,KNN,0.5067521689928329,0.5050221643462727,0.504972613393788,0.5043592566163527,jointAAE,70,2,cv-fast
0,LR,0.600754432289702,0.6000363942328484,0.5995464148192053,0.5995028009326896,jointAAE,70,2,cv-glove
1,SVM,0.5080347038853263,0.4999853220064386,0.499988592048131,0.4742518076882196,jointAAE,70,2,cv-glove
2,RF,0.7047152018106375,0.7088000612114509,0.7017773338287644,0.7010836635966441,jointAAE,70,2,cv-glove
3,NB,0.5572991324028669,0.5602048592433208,0.550510273926236,0.5351557014810455,jointAAE,70,2,cv-glove
4,MLP,0.5169370049038099,0.5024161366178517,0.5000298361818112,0.343563604838582,jointAAE,70,2,cv-glove
5,Extra,0.7061486231610713,0.7105087362677514,0.7031533083311144,0.7024185774566778,jointAAE,70,2,cv-glove
6,KNN,0.5053187476423991,0.503570300214712,0.5035349607340804,0.5029136416363342,jointAAE,70,2,cv-glove
0,LR,0.5502829121086382,0.5488843421999563,0.5480732345379629,0.5471184148879286,jointAAE,70,2,cv-w2v
1,SVM,0.5137683892870615,0.5063522049419598,0.5044491012288996,0.4687642708411342,jointAAE,70,2,cv-w2v
2,RF,0.6989815164089023,0.7035674008219013,0.695846828564308,0.6948897188627128,jointAAE,70,2,cv-w2v
3,NB,0.5170124481327801,0.25850622406639,0.5,0.3408096280087528,jointAAE,70,2,cv-w2v
4,MLP,0.5170124481327801,0.25850622406639,0.5,0.3408096280087528,jointAAE,70,2,cv-w2v
5,Extra,0.6973972086005281,0.7029043861887316,0.6940165417809342,0.6927509183308592,jointAAE,70,2,cv-w2v
6,KNN,0.5095435684647303,0.5077066880691423,0.5076156227262447,0.506847855712627,jointAAE,70,2,cv-w2v
0,LR,0.841116559788759,0.8410977444978451,0.8414926515239269,0.841067450320864,jointAAE,70,2,fast-bert
1,SVM,0.5152772538664655,0.5144507287792313,0.5144301815794924,0.5144043066320398,jointAAE,70,2,fast-bert
2,RF,0.9012448132780084,0.9012188229365964,0.901014705978218,0.9011063379674034,jointAAE,70,2,fast-bert
3,NB,0.5170124481327801,0.25850622406639,0.5,0.3408096280087528,jointAAE,70,2,fast-bert
4,MLP,0.4831384383251603,0.4946787050061609,0.4997552931643051,0.3354920802346473,jointAAE,70,2,fast-bert
5,Extra,0.904941531497548,0.9049098190314948,0.904728558441057,0.9048109172171132,jointAAE,70,2,fast-bert
6,KNN,0.5009430403621274,0.500238822820606,0.5002386894544892,0.5002319102522286,jointAAE,70,2,fast-bert
0,LR,0.7384383251603168,0.7417987766975112,0.736020119114061,0.7359994803068471,jointAAE,70,2,fast-falcon
1,SVM,0.5878536401357978,0.5875895589882227,0.5849370907867375,0.583203991250469,jointAAE,70,2,fast-falcon
2,RF,0.938136552244436,0.938716031061624,0.9376125438328612,0.9379978183464712,jointAAE,70,2,fast-falcon
3,NB,0.5170124481327801,0.25850622406639,0.5,0.3408096280087528,jointAAE,70,2,fast-falcon
4,MLP,0.5170124481327801,0.25850622406639,0.5,0.3408096280087528,jointAAE,70,2,fast-falcon
5,Extra,0.941908713692946,0.942206205500684,0.9415432727433192,0.9418022226569008,jointAAE,70,2,fast-falcon
6,KNN,0.5369294605809128,0.5373918724467012,0.5374104350416178,0.5369214876033057,jointAAE,70,2,fast-falcon
0,LR,0.8519049415314975,0.8517109081746994,0.851802682047093,0.8517532513656405,jointAAE,70,2,glove-bert
1,SVM,0.5078838174273859,0.5068955888127356,0.5068791203390994,0.5068047644003323,jointAAE,70,2,glove-bert
2,RF,0.8950584685024519,0.8951471997361056,0.8947029745419646,0.8948827112480109,jointAAE,70,2,glove-bert
3,NB,0.5170124481327801,0.25850622406639,0.5,0.3408096280087528,jointAAE,70,2,glove-bert
4,MLP,0.5170124481327801,0.25850622406639,0.5,0.3408096280087528,jointAAE,70,2,glove-bert
5,Extra,0.903357223689174,0.9032746532254112,0.9032015225980244,0.903236597009069,jointAAE,70,2,glove-bert
6,KNN,0.5006412674462467,0.4999210971831819,0.4999211472337848,0.4999125023457584,jointAAE,70,2,glove-bert
0,LR,0.700414937759336,0.7096914365845324,0.696307910399188,0.6940353044032386,jointAAE,70,2,glove-falcon
1,SVM,0.5740475292342512,0.5732715629409153,0.5712409043522214,0.5695760869925307,jointAAE,70,2,glove-falcon
2,RF,0.9490003772161448,0.9489255625740004,0.94896182623508,0.948943347616282,jointAAE,70,2,glove-falcon
3,NB,0.5170124481327801,0.25850622406639,0.5,0.3408096280087528,jointAAE,70,2,glove-falcon
4,MLP,0.4909845341380611,0.4990485783072271,0.4992736519436391,0.4634250699232282,jointAAE,70,2,glove-falcon
5,Extra,0.950207468879668,0.9500537507240188,0.9503399318932736,0.9501671564563652,jointAAE,70,2,glove-falcon
6,KNN,0.5198792908336477,0.5202869091732949,0.5202993847729165,0.5198655149288418,jointAAE,70,2,glove-falcon
0,LR,0.8748396831384383,0.8748703317376545,0.8753036897077208,0.8748070508183101,jointAAE,70,2,glove-fast
1,SVM,0.5092417955488495,0.5085222909143479,0.5085162241133514,0.5085084705415058,jointAAE,70,2,glove-fast
2,RF,0.875820445115051,0.876310976581895,0.8765965491321683,0.8758143317840423,jointAAE,70,2,glove-fast
3,NB,0.5159562429271973,0.524439977530411,0.5217018106801496,0.5046447692880699,jointAAE,70,2,glove-fast
4,MLP,0.4831384383251603,0.5331904905736364,0.5001202222620038,0.326649596247449,jointAAE,70,2,glove-fast
5,Extra,0.8798189362504715,0.8804487169849522,0.8806690625872833,0.8798159565321024,jointAAE,70,2,glove-fast
6,KNN,0.5006412674462467,0.4999262421728098,0.4999262870802312,0.4999182602740275,jointAAE,70,2,glove-fast
0,LR,0.6106374952847982,0.6100702879409399,0.6099369278159965,0.609970843991365,jointAAE,70,2,tfidf-bert
1,SVM,0.5152018106374953,0.5098725486165359,0.5082099644824074,0.4898833725919482,jointAAE,70,2,tfidf-bert
2,RF,0.6791399471897397,0.6797325570925565,0.6798088779439411,0.6791360828341684,jointAAE,70,2,tfidf-bert
3,NB,0.5170124481327801,0.25850622406639,0.5,0.3408096280087528,jointAAE,70,2,tfidf-bert
4,MLP,0.5133157299132403,0.5035126575947915,0.5019451184747142,0.4448133799318332,jointAAE,70,2,tfidf-bert
5,Extra,0.6834402112410412,0.6831095493004753,0.6831812440233616,0.68313852424378,jointAAE,70,2,tfidf-bert
6,KNN,0.4991324028668427,0.4981287133770488,0.4981329821188502,0.4980553597257245,jointAAE,70,2,tfidf-bert
0,LR,0.6424745379102226,0.642024498054546,0.6412711868231387,0.6413015095934449,jointAAE,70,2,tfidf-cv
1,SVM,0.514749151263674,0.5059144419686353,0.5031823171230099,0.4438379399925382,jointAAE,70,2,tfidf-cv
2,RF,0.6488117691437193,0.6532176793352054,0.6449995812905578,0.6423917851476434,jointAAE,70,2,tfidf-cv
3,NB,0.5799321010939268,0.6022742110090985,0.570522454108693,0.5396039062912885,jointAAE,70,2,tfidf-cv
4,MLP,0.4840437570728027,0.5091315587897358,0.5005434447401319,0.3394243313213057,jointAAE,70,2,tfidf-cv
5,Extra,0.6431535269709544,0.646452353335388,0.6395892034140616,0.6373486100656367,jointAAE,70,2,tfidf-cv
6,KNN,0.5109015465861939,0.5092615040906358,0.5091756288037997,0.5086261049994556,jointAAE,70,2,tfidf-cv
0,LR,0.5699735948698604,0.5689255978605284,0.5678664071169574,0.5671157163714511,jointAAE,70,2,tfidf-falcon
1,SVM,0.5205582798943795,0.5162215282898845,0.5131383250519125,0.4923985017705019,jointAAE,70,2,tfidf-falcon
2,RF,0.8332704639758581,0.8433492978013031,0.8302862819253414,0.8309980895925347,jointAAE,70,2,tfidf-falcon
3,NB,0.5170124481327801,0.25850622406639,0.5,0.3408096280087528,jointAAE,70,2,tfidf-falcon
4,MLP,0.4834402112410411,0.5123944347518268,0.5002681495499751,0.330829624454728,jointAAE,70,2,tfidf-falcon
5,Extra,0.8516031686156168,0.8567082939110391,0.8495268583302871,0.8503932834885373,jointAAE,70,2,tfidf-falcon
6,KNN,0.5053941908713693,0.5047806206590821,0.5047798064709914,0.5047794771160126,jointAAE,70,2,tfidf-falcon
0,LR,0.6268577895133912,0.6270953572561238,0.6272219806912266,0.6268155613408806,jointAAE,70,2,tfidf-fast
1,SVM,0.510976989815164,0.5056164483659414,0.5049054193036586,0.4915179598229702,jointAAE,70,2,tfidf-fast
2,RF,0.6845718596755941,0.6842754101912703,0.6843887318519544,0.6843124027613117,jointAAE,70,2,tfidf-fast
3,NB,0.5170124481327801,0.25850622406639,0.5,0.3408096280087528,jointAAE,70,2,tfidf-fast
4,MLP,0.4829121086382497,0.4636913449762612,0.4999013400206496,0.3261631321577454,jointAAE,70,2,tfidf-fast
5,Extra,0.6933232742361373,0.6930019366227356,0.6925129486521818,0.6926333258530413,jointAAE,70,2,tfidf-fast
6,KNN,0.5016974726518295,0.5007231324917238,0.5007215842962397,0.5006537440565112,jointAAE,70,2,tfidf-fast
0,LR,0.7217653715579027,0.7218312932704563,0.722085368587164,0.7217013769019824,jointAAE,70,2,tfidf-glove
1,SVM,0.5104488872123727,0.5067287499319926,0.5063426958770408,0.5009574830594766,jointAAE,70,2,tfidf-glove
2,RF,0.7316484345529989,0.7313721337074248,0.7315044506055742,0.731420669162502,jointAAE,70,2,tfidf-glove
3,NB,0.5170124481327801,0.25850622406639,0.5,0.3408096280087528,jointAAE,70,2,tfidf-glove
4,MLP,0.5170124481327801,0.5085177910402658,0.5000462586180181,0.3420688676655983,jointAAE,70,2,tfidf-glove
5,Extra,0.7398717465107506,0.7400278765502968,0.7402898271657683,0.7398284460450192,jointAAE,70,2,tfidf-glove
6,KNN,0.5001886080724255,0.4993850696274594,0.4993857256685937,0.4993638486337558,jointAAE,70,2,tfidf-glove
0,LR,0.6251980384760468,0.6247063368389095,0.6246351335833555,0.6246618237620907,jointAAE,70,2,tfidf-w2v
1,SVM,0.5140701622029423,0.5094141201509007,0.5083593961156802,0.4968232966407148,jointAAE,70,2,tfidf-w2v
2,RF,0.6955865711052434,0.695215949099024,0.695076979856315,0.6951316954089126,jointAAE,70,2,tfidf-w2v
3,NB,0.5170124481327801,0.25850622406639,0.5,0.3408096280087528,jointAAE,70,2,tfidf-w2v
4,MLP,0.5162580158430781,0.4912869648270507,0.4996199020871788,0.3497797005513898,jointAAE,70,2,tfidf-w2v
5,Extra,0.6927197284043757,0.6924365389559017,0.6918161860534153,0.6919466873159947,jointAAE,70,2,tfidf-w2v
6,KNN,0.5019238023387401,0.5010192860561412,0.5010175642342908,0.5009716138792689,jointAAE,70,2,tfidf-w2v
0,LR,0.8627687665032063,0.8626981560794835,0.8631108456777401,0.8627175587808036,jointAAE,70,2,w2v-bert
1,SVM,0.5076574877404753,0.5066709103177658,0.5066550982512988,0.5065814256586765,jointAAE,70,2,w2v-bert
2,RF,0.9042625424368164,0.9042052978607394,0.9040770515634412,0.9041368309994108,jointAAE,70,2,w2v-bert
3,NB,0.5170124481327801,0.25850622406639,0.5,0.3408096280087528,jointAAE,70,2,w2v-bert
4,MLP,0.5170124481327801,0.25850622406639,0.5,0.3408096280087528,jointAAE,70,2,w2v-bert
5,Extra,0.911354205960015,0.9112315000934396,0.911284871350897,0.9112573064986212,jointAAE,70,2,w2v-bert
6,KNN,0.5006412674462467,0.4999210971831819,0.4999211472337848,0.4999125023457584,jointAAE,70,2,w2v-bert
0,LR,0.7171633345907205,0.7204333471870189,0.7145816942237653,0.7142955022145766,jointAAE,70,2,w2v-falcon
1,SVM,0.5658996605054696,0.5650871931639436,0.5625953065429493,0.5599520042494261,jointAAE,70,2,w2v-falcon
2,RF,0.933609958506224,0.9338286376136844,0.9332708779309034,0.9334942006924758,jointAAE,70,2,w2v-falcon
3,NB,0.5170124481327801,0.25850622406639,0.5,0.3408096280087528,jointAAE,70,2,w2v-falcon
4,MLP,0.5170124481327801,0.25850622406639,0.5,0.3408096280087528,jointAAE,70,2,w2v-falcon
5,Extra,0.937382119954734,0.9374249953602084,0.937186187302022,0.9372932498031418,jointAAE,70,2,w2v-falcon
6,KNN,0.5282534892493399,0.5286077845422898,0.5286293207931109,0.5282307620558411,jointAAE,70,2,w2v-falcon
0,LR,0.8142587702753677,0.8144897471449539,0.8148144665867358,0.8142346623903389,jointAAE,70,2,w2v-fast
1,SVM,0.514749151263674,0.5138953382188435,0.5138731977316479,0.5138406439498637,jointAAE,70,2,w2v-fast
2,RF,0.8635231987929083,0.8638274232100531,0.8641796830143871,0.8635092494627172,jointAAE,70,2,w2v-fast
3,NB,0.5170124481327801,0.25850622406639,0.5,0.3408096280087528,jointAAE,70,2,w2v-fast
4,MLP,0.5170124481327801,0.25850622406639,0.5,0.3408096280087528,jointAAE,70,2,w2v-fast
5,Extra,0.8704639758581667,0.8706831423883179,0.8710719663748738,0.8704460309824367,jointAAE,70,2,w2v-fast
6,KNN,0.5012448132780083,0.5005565011170385,0.5005562316751938,0.500551091222404,jointAAE,70,2,w2v-fast
0,LR,0.8700113164843455,0.8700049517629984,0.8704337478807536,0.8699728445261887,jointAAE,70,2,w2v-glove
1,SVM,0.5084119200301773,0.507663695313703,0.5076571175841418,0.5076454028188198,jointAAE,70,2,w2v-glove
2,RF,0.8785364013579782,0.8791814881763933,0.8793927509611512,0.8785336573991562,jointAAE,70,2,w2v-glove
3,NB,0.5170124481327801,0.25850622406639,0.5,0.3408096280087528,jointAAE,70,2,w2v-glove
4,MLP,0.5170124481327801,0.25850622406639,0.5,0.3408096280087528,jointAAE,70,2,w2v-glove
5,Extra,0.8800452659373821,0.8809699306595621,0.8810267206826919,0.8800451123197728,jointAAE,70,2,w2v-glove
6,KNN,0.5006412674462467,0.4999210971831819,0.4999211472337848,0.4999125023457584,jointAAE,70,2,w2v-glove
0,LR,0.6131271218408147,0.6125170765027322,0.6122623949277488,0.6122979212277744,jointAAE,70,3,cv-bert-falcon
1,SVM,0.5142210486608827,0.5073156705527923,0.5053134729666642,0.4732191131108582,jointAAE,70,3,cv-bert-falcon
2,RF,0.784156921916258,0.788995065748941,0.7817248873370731,0.7820605755494705,jointAAE,70,3,cv-bert-falcon
3,NB,0.5170124481327801,0.25850622406639,0.5,0.3408096280087528,jointAAE,70,3,cv-bert-falcon
4,MLP,0.4829875518672199,0.2414937759336099,0.5,0.3256855064353665,jointAAE,70,3,cv-bert-falcon
5,Extra,0.7960015088645794,0.7987106386918332,0.7941665751523275,0.79465588949142,jointAAE,70,3,cv-bert-falcon
6,KNN,0.5045643153526971,0.5031330302979847,0.5031137440496876,0.5027891800135605,jointAAE,70,3,cv-bert-falcon
0,LR,0.594718973972086,0.594599868256561,0.5918900494077142,0.5903491769549598,jointAAE,70,3,cv-fast-bert
1,SVM,0.5075066012825349,0.4992118465932385,0.4993904894287148,0.4731036145087758,jointAAE,70,3,cv-fast-bert
2,RF,0.7085628064881176,0.7105053794399977,0.7063412667490045,0.706218750317174,jointAAE,70,3,cv-fast-bert
3,NB,0.5170124481327801,0.25850622406639,0.5,0.3408096280087528,jointAAE,70,3,cv-fast-bert
4,MLP,0.516635231987929,0.3947825430383569,0.4996506158037491,0.3410658990004823,jointAAE,70,3,cv-fast-bert
5,Extra,0.6986043002640513,0.7017965304008766,0.6958572336193094,0.6952822169791433,jointAAE,70,3,cv-fast-bert
6,KNN,0.5040362127499057,0.502225500080439,0.5022021107970372,0.5015239556943183,jointAAE,70,3,cv-fast-bert
0,LR,0.6258770275367785,0.6257322046837056,0.6258674431094216,0.625702770945576,jointAAE,70,3,cv-fast-falcon
1,SVM,0.5100716710675217,0.501868961466688,0.5013828694183148,0.470796486792741,jointAAE,70,3,cv-fast-falcon
2,RF,0.8117691437193512,0.818587064139048,0.8091429594383377,0.8096822576241546,jointAAE,70,3,cv-fast-falcon
3,NB,0.5170124481327801,0.25850622406639,0.5,0.3408096280087528,jointAAE,70,3,cv-fast-falcon
4,MLP,0.4829875518672199,0.2414937759336099,0.5,0.3256855064353665,jointAAE,70,3,cv-fast-falcon
5,Extra,0.8313843832516031,0.8350378006398187,0.8295056520760216,0.8302022053548153,jointAAE,70,3,cv-fast-falcon
6,KNN,0.5045643153526971,0.5030979694391712,0.5030777651245623,0.5027256330642333,jointAAE,70,3,cv-fast-falcon
0,LR,0.6261033572236891,0.6255774210270388,0.6247551051211424,0.6247122776876111,jointAAE,70,3,cv-glove-bert
1,SVM,0.5075066012825349,0.4997899770100855,0.4998325162231105,0.4767218920311468,jointAAE,70,3,cv-glove-bert
2,RF,0.7051678611844587,0.7052268951379017,0.703936946871037,0.7040980552612942,jointAAE,70,3,cv-glove-bert
3,NB,0.5170124481327801,0.25850622406639,0.5,0.3408096280087528,jointAAE,70,3,cv-glove-bert
4,MLP,0.4823085628064881,0.4881566859591252,0.4970509817608161,0.3737363985198566,jointAAE,70,3,cv-glove-bert
5,Extra,0.7026782346284421,0.7044434667666009,0.7004704338481704,0.7003193106863199,jointAAE,70,3,cv-glove-bert
6,KNN,0.5045643153526971,0.502732259325374,0.5027025563339707,0.5019954119350756,jointAAE,70,3,cv-glove-bert
0,LR,0.6476046774801961,0.6480424394925158,0.6481445405052494,0.6475911904913919,jointAAE,70,3,cv-glove-falcon
1,SVM,0.5103734439834025,0.5025078674031809,0.5018854461110919,0.4729281139823378,jointAAE,70,3,cv-glove-falcon
2,RF,0.8163711806865334,0.8244436012498775,0.8135678657803064,0.8141190898161685,jointAAE,70,3,cv-glove-falcon
3,NB,0.5170124481327801,0.25850622406639,0.5,0.3408096280087528,jointAAE,70,3,cv-glove-falcon
4,MLP,0.4829875518672199,0.2414937759336099,0.5,0.3256855064353665,jointAAE,70,3,cv-glove-falcon
5,Extra,0.8294983025273481,0.8346980803822341,0.8272807253752463,0.828000317124828,jointAAE,70,3,cv-glove-falcon
6,KNN,0.5056959637872501,0.5042062114251986,0.5041773161777795,0.5038015986172066,jointAAE,70,3,cv-glove-falcon
0,LR,0.6396831384383251,0.6393938240936528,0.6381141928460358,0.6380180132952726,jointAAE,70,3,cv-glove-fast
1,SVM,0.5090154658619389,0.5031130402376622,0.5026846295524623,0.4878762862469091,jointAAE,70,3,cv-glove-fast
2,RF,0.7304413428894757,0.7361979137561879,0.7273662474056312,0.7268206011536876,jointAAE,70,3,cv-glove-fast
3,NB,0.5170124481327801,0.25850622406639,0.5,0.3408096280087528,jointAAE,70,3,cv-glove-fast
4,MLP,0.4829875518672199,0.2414937759336099,0.5,0.3256855064353665,jointAAE,70,3,cv-glove-fast
5,Extra,0.7287061486231611,0.7377832405059803,0.7249788514123044,0.7237296170738448,jointAAE,70,3,cv-glove-fast
6,KNN,0.4995850622406639,0.4979002925853462,0.4979179861028581,0.4973998884555431,jointAAE,70,3,cv-glove-fast
0,LR,0.6178800452659374,0.6177702588237478,0.6156716174670536,0.6150425326021107,jointAAE,70,3,cv-w2v-bert
1,SVM,0.5127876273104489,0.5064242569702788,0.5051248029934465,0.4823732671577044,jointAAE,70,3,cv-w2v-bert
2,RF,0.7188230856280649,0.7212981268024821,0.716505501140043,0.7163968525319158,jointAAE,70,3,cv-w2v-bert
3,NB,0.5170124481327801,0.25850622406639,0.5,0.3408096280087528,jointAAE,70,3,cv-w2v-bert
4,MLP,0.5163334590720483,0.496020950019312,0.4997853800703331,0.352201805769244,jointAAE,70,3,cv-w2v-bert
5,Extra,0.7133911731422105,0.7171416528135339,0.7106355457739681,0.7101857466342403,jointAAE,70,3,cv-w2v-bert
6,KNN,0.500716710675217,0.4988563121900261,0.498868481609128,0.4981659820825849,jointAAE,70,3,cv-w2v-bert
0,LR,0.6331950207468879,0.6328889644491227,0.6329806145049977,0.6329105319341779,jointAAE,70,3,cv-w2v-falcon
1,SVM,0.5124104111655979,0.5054706786906962,0.5041997559951921,0.477504600901298,jointAAE,70,3,cv-w2v-falcon
2,RF,0.8172010562052056,0.8239526569015672,0.8146222864744815,0.8152213509027804,jointAAE,70,3,cv-w2v-falcon
3,NB,0.5170124481327801,0.25850622406639,0.5,0.3408096280087528,jointAAE,70,3,cv-w2v-falcon
4,MLP,0.5170124481327801,0.25850622406639,0.5,0.3408096280087528,jointAAE,70,3,cv-w2v-falcon
5,Extra,0.835458317615994,0.8392980662573903,0.8335586090422185,0.8342835974561794,jointAAE,70,3,cv-w2v-falcon
6,KNN,0.5063749528479818,0.5049324288797856,0.5049007809056459,0.5045611950532065,jointAAE,70,3,cv-w2v-falcon
0,LR,0.6172010562052056,0.6175685592331871,0.6145472447163632,0.6134193654326626,jointAAE,70,3,cv-w2v-fast
1,SVM,0.5110524330441343,0.5047178938469247,0.5038835927576806,0.4842812643282252,jointAAE,70,3,cv-w2v-fast
2,RF,0.7154281403244059,0.7210866635135915,0.7122199974626708,0.7113737199280684,jointAAE,70,3,cv-w2v-fast
3,NB,0.5170124481327801,0.25850622406639,0.5,0.3408096280087528,jointAAE,70,3,cv-w2v-fast
4,MLP,0.5170124481327801,0.25850622406639,0.5,0.3408096280087528,jointAAE,70,3,cv-w2v-fast
5,Extra,0.7124858543945681,0.7190174725638581,0.7090558578453864,0.7079270331552925,jointAAE,70,3,cv-w2v-fast
6,KNN,0.5025273481705017,0.5007348672468241,0.5007274763153369,0.5000822372108725,jointAAE,70,3,cv-w2v-fast
0,LR,0.586043002640513,0.5851976948023048,0.5845583718571092,0.584365837002297,jointAAE,70,3,cv-w2v-glove
1,SVM,0.5111278762731045,0.5054477638791441,0.5046658523144102,0.4892221693625119,jointAAE,70,3,cv-w2v-glove
2,RF,0.7189739720860053,0.7255704204148561,0.7156028939592012,0.7146266629049887,jointAAE,70,3,cv-w2v-glove
3,NB,0.5191248585439456,0.5186604040562522,0.5040988394978897,0.3909348064120204,jointAAE,70,3,cv-w2v-glove
4,MLP,0.5170124481327801,0.25850622406639,0.5,0.3408096280087528,jointAAE,70,3,cv-w2v-glove
5,Extra,0.7156544700113164,0.7226957024714059,0.7121561881494698,0.7109896149043734,jointAAE,70,3,cv-w2v-glove
6,KNN,0.5013202565069785,0.4994147114629871,0.4994213285073936,0.498663052645914,jointAAE,70,3,cv-w2v-glove
0,LR,0.7148245944926442,0.7249287577764398,0.7107625375898282,0.7088228796214755,jointAAE,70,3,fast-bert-falcon
1,SVM,0.567182195397963,0.5661094746837777,0.5653775931778944,0.5649094478028238,jointAAE,70,3,fast-bert-falcon
2,RF,0.9119577517917768,0.913726349835018,0.9109176857352465,0.9116228164232444,jointAAE,70,3,fast-bert-falcon
3,NB,0.5170124481327801,0.25850622406639,0.5,0.3408096280087528,jointAAE,70,3,fast-bert-falcon
4,MLP,0.4829875518672199,0.2414937759336099,0.5,0.3256855064353665,jointAAE,70,3,fast-bert-falcon
5,Extra,0.9142210486608828,0.9154768705822236,0.913353220778218,0.913945539242354,jointAAE,70,3,fast-bert-falcon
6,KNN,0.5111278762731045,0.5108045891931903,0.510813108664377,0.510780905138369,jointAAE,70,3,fast-bert-falcon
0,LR,0.7299132402866843,0.7328560206489507,0.7275442615996306,0.7274858240414646,jointAAE,70,3,glove-bert-falcon
1,SVM,0.5514145605431913,0.5501959487901719,0.5497227491609514,0.5493042880597676,jointAAE,70,3,glove-bert-falcon
2,RF,0.9138438325160316,0.9159619802435102,0.9127108653345188,0.9134855486463832,jointAAE,70,3,glove-bert-falcon
3,NB,0.5170124481327801,0.25850622406639,0.5,0.3408096280087528,jointAAE,70,3,glove-bert-falcon
4,MLP,0.5168615616748397,0.5069979415926926,0.5006199156262865,0.3605803116664232,jointAAE,70,3,glove-bert-falcon
5,Extra,0.92070916635232,0.9226013396454972,0.9196638239554956,0.9204030541973072,jointAAE,70,3,glove-bert-falcon
6,KNN,0.5057714070162203,0.5053372747671552,0.5053399243715472,0.5053298908843259,jointAAE,70,3,glove-bert-falcon
0,LR,0.8419464353074312,0.8417577919028403,0.8420587868056882,0.8418448098439449,jointAAE,70,3,glove-fast-bert
1,SVM,0.5107506601282535,0.5099755184810871,0.5099651593628195,0.509949330682002,jointAAE,70,3,glove-fast-bert
2,RF,0.8968691059977367,0.8967573428288896,0.8967367240273529,0.8967469054090925,jointAAE,70,3,glove-fast-bert
3,NB,0.5170124481327801,0.25850622406639,0.5,0.3408096280087528,jointAAE,70,3,glove-fast-bert
4,MLP,0.5170124481327801,0.25850622406639,0.5,0.3408096280087528,jointAAE,70,3,glove-fast-bert
5,Extra,0.9016974726518296,0.9015675053135136,0.9016118057007668,0.9015890326816436,jointAAE,70,3,glove-fast-bert
6,KNN,0.5006412674462467,0.4999210971831819,0.4999211472337848,0.4999125023457584,jointAAE,70,3,glove-fast-bert
0,LR,0.7257638626933233,0.7279990188755587,0.7235879588190488,0.7235955507637422,jointAAE,70,3,glove-fast-falcon
1,SVM,0.5585062240663901,0.5573178104235692,0.556658157086745,0.5561242313286341,jointAAE,70,3,glove-fast-falcon
2,RF,0.9370049038098832,0.9372046452758442,0.9366877475588236,0.9368978332451684,jointAAE,70,3,glove-fast-falcon
3,NB,0.5170124481327801,0.25850622406639,0.5,0.3408096280087528,jointAAE,70,3,glove-fast-falcon
4,MLP,0.4829875518672199,0.2414937759336099,0.5,0.3256855064353665,jointAAE,70,3,glove-fast-falcon
5,Extra,0.938061109015466,0.9381837598170616,0.9378017152545126,0.9379641594692304,jointAAE,70,3,glove-fast-falcon
6,KNN,0.5099207846095812,0.5096625057095259,0.5096714359427206,0.5096223379516571,jointAAE,70,3,glove-fast-falcon
0,LR,0.5889852885703508,0.5908737173849383,0.584566645756267,0.5795562045427551,jointAAE,70,3,tfidf-bert-falcon
1,SVM,0.5210863824971709,0.5174722213639844,0.5157769467105735,0.5062058061545669,jointAAE,70,3,tfidf-bert-falcon
2,RF,0.7901169370049038,0.7976030555624438,0.7872215143441832,0.7874563902826983,jointAAE,70,3,tfidf-bert-falcon
3,NB,0.5170124481327801,0.25850622406639,0.5,0.3408096280087528,jointAAE,70,3,tfidf-bert-falcon
4,MLP,0.5170124481327801,0.25850622406639,0.5,0.3408096280087528,jointAAE,70,3,tfidf-bert-falcon
5,Extra,0.8046020369671822,0.8077049696583151,0.8027102535674295,0.8032494917794097,jointAAE,70,3,tfidf-bert-falcon
6,KNN,0.5073557148245945,0.5067597337266074,0.5067590234392041,0.5067590897836745,jointAAE,70,3,tfidf-bert-falcon
0,LR,0.5593360995850623,0.5581050734240114,0.5571780337504882,0.5563248209291324,jointAAE,70,3,tfidf-cv-bert
1,SVM,0.512863070539419,0.5034711711454436,0.502077876947563,0.451670710212463,jointAAE,70,3,tfidf-cv-bert
2,RF,0.6564315352697095,0.6579020428930176,0.6538129136009363,0.6530164549583883,jointAAE,70,3,tfidf-cv-bert
3,NB,0.5170124481327801,0.25850622406639,0.5,0.3408096280087528,jointAAE,70,3,tfidf-cv-bert
4,MLP,0.5170124481327801,0.25850622406639,0.5,0.3408096280087528,jointAAE,70,3,tfidf-cv-bert
5,Extra,0.6569596378725009,0.6605171412454369,0.6535475220173471,0.6517317474941544,jointAAE,70,3,tfidf-cv-bert
6,KNN,0.5056959637872501,0.5039591357963138,0.5039203238554565,0.5033083812691512,jointAAE,70,3,tfidf-cv-bert
0,LR,0.5717842323651452,0.5709036668350932,0.5690675014780193,0.5675277554553826,jointAAE,70,3,tfidf-cv-falcon
1,SVM,0.5163334590720483,0.5094386160526976,0.5058709582629425,0.4593276342143587,jointAAE,70,3,tfidf-cv-falcon
2,RF,0.7755563938136553,0.7844143450092838,0.7723177147189657,0.7721955016069196,jointAAE,70,3,tfidf-cv-falcon
3,NB,0.5170124481327801,0.25850622406639,0.5,0.3408096280087528,jointAAE,70,3,tfidf-cv-falcon
4,MLP,0.4829875518672199,0.2414937759336099,0.5,0.3256855064353665,jointAAE,70,3,tfidf-cv-falcon
5,Extra,0.7904941531497548,0.7956262403030849,0.7880437644135083,0.7884276213340207,jointAAE,70,3,tfidf-cv-falcon
6,KNN,0.5027536778574123,0.5011251244769921,0.5011159734894242,0.500631954441869,jointAAE,70,3,tfidf-cv-falcon
0,LR,0.6251225952470766,0.6246629522916622,0.623575322318517,0.6234477669368236,jointAAE,70,3,tfidf-cv-fast
1,SVM,0.5118068653338362,0.5032300547005175,0.502202612245471,0.46375051913879,jointAAE,70,3,tfidf-cv-fast
2,RF,0.6665409279517164,0.671922860776403,0.6627621384368749,0.660479944596671,jointAAE,70,3,tfidf-cv-fast
3,NB,0.5170124481327801,0.25850622406639,0.5,0.3408096280087528,jointAAE,70,3,tfidf-cv-fast
4,MLP,0.5170124481327801,0.25850622406639,0.5,0.3408096280087528,jointAAE,70,3,tfidf-cv-fast
5,Extra,0.6656356092040739,0.6721260573153884,0.6615730788382241,0.6587637655853211,jointAAE,70,3,tfidf-cv-fast
6,KNN,0.5038853262919653,0.5020273023385982,0.5020047908383366,0.5012747335802697,jointAAE,70,3,tfidf-cv-fast
0,LR,0.639984911354206,0.6401900182487037,0.6378920511898619,0.6374745859682724,jointAAE,70,3,tfidf-cv-glove
1,SVM,0.5118823085628065,0.5038690722793708,0.5027587185585564,0.4686471663800975,jointAAE,70,3,tfidf-cv-glove
2,RF,0.6786872878159185,0.6898392180536392,0.6739331559208774,0.6699553476887237,jointAAE,70,3,tfidf-cv-glove
3,NB,0.5657487740475292,0.5771538825162098,0.5571347838230729,0.5310201994809882,jointAAE,70,3,tfidf-cv-glove
4,MLP,0.5167106752168993,0.4965797874840468,0.4999137508693862,0.3462090788617643,jointAAE,70,3,tfidf-cv-glove
5,Extra,0.6793662768766503,0.693993226240804,0.6740912375396333,0.6688784910450674,jointAAE,70,3,tfidf-cv-glove
6,KNN,0.5023010184835911,0.50047242493685,0.500467475302411,0.4997853544183396,jointAAE,70,3,tfidf-cv-glove
0,LR,0.5978875895888344,0.5971919469497662,0.5968921228969879,0.5968972433807278,jointAAE,70,3,tfidf-cv-w2v
1,SVM,0.5159562429271973,0.5093751119877815,0.506451886273501,0.4692780925761258,jointAAE,70,3,tfidf-cv-w2v
2,RF,0.6752923425122596,0.6823778050574634,0.6712512843348011,0.6686478959376738,jointAAE,70,3,tfidf-cv-w2v
3,NB,0.563410033949453,0.5727901461912607,0.5550631749809324,0.5306479484087663,jointAAE,70,3,tfidf-cv-w2v
4,MLP,0.5165597887589589,0.4689435057720718,0.4996444730604351,0.3428432164443082,jointAAE,70,3,tfidf-cv-w2v
5,Extra,0.6762731044888721,0.6859124156929799,0.6717423277136008,0.6681966191015865,jointAAE,70,3,tfidf-cv-w2v
6,KNN,0.5042625424368163,0.5024368833053967,0.5024107133454985,0.5017137403023488,jointAAE,70,3,tfidf-cv-w2v
0,LR,0.6159185213127122,0.6156879516641324,0.613805477120663,0.6132550343503691,jointAAE,70,3,tfidf-fast-bert
1,SVM,0.5130894002263297,0.5094280961431827,0.5088500634081544,0.503082433007144,jointAAE,70,3,tfidf-fast-bert
2,RF,0.7111278762731045,0.7111852881525689,0.7114278342993737,0.7110594363699483,jointAAE,70,3,tfidf-fast-bert
3,NB,0.5170124481327801,0.25850622406639,0.5,0.3408096280087528,jointAAE,70,3,tfidf-fast-bert
4,MLP,0.5192003017729159,0.5161128636048102,0.5052049093807462,0.4110536915851606,jointAAE,70,3,tfidf-fast-bert
5,Extra,0.7112787627310448,0.7110204181847508,0.7111779876172324,0.7110656326551769,jointAAE,70,3,tfidf-fast-bert
6,KNN,0.5016974726518295,0.500968961482766,0.5009682969256698,0.5009586888129601,jointAAE,70,3,tfidf-fast-bert
0,LR,0.5975858166729536,0.6004149377593362,0.5930537858604579,0.587891279100511,jointAAE,70,3,tfidf-fast-falcon
1,SVM,0.5174651075066012,0.5136649604554736,0.5125164036318908,0.5043143065382466,jointAAE,70,3,tfidf-fast-falcon
2,RF,0.8356092040739344,0.8446346541121534,0.8327896378689845,0.8335508643903846,jointAAE,70,3,tfidf-fast-falcon
3,NB,0.5170124481327801,0.25850622406639,0.5,0.3408096280087528,jointAAE,70,3,tfidf-fast-falcon
4,MLP,0.5170124481327801,0.25850622406639,0.5,0.3408096280087528,jointAAE,70,3,tfidf-fast-falcon
5,Extra,0.8568087514145606,0.8617176815752468,0.8547975828179697,0.8556862750766852,jointAAE,70,3,tfidf-fast-falcon
6,KNN,0.5070539419087137,0.5066685339065773,0.5066727743085904,0.5066548489180149,jointAAE,70,3,tfidf-fast-falcon
0,LR,0.6220294228592984,0.621434179626934,0.6210156787881796,0.6210466938371165,jointAAE,70,3,tfidf-glove-bert
1,SVM,0.5123349679366277,0.5089725432620517,0.5085316436526908,0.5040715527151449,jointAAE,70,3,tfidf-glove-bert
2,RF,0.7055450773293097,0.7054849952038966,0.7057203482258503,0.7054402935902675,jointAAE,70,3,tfidf-glove-bert
3,NB,0.5170124481327801,0.25850622406639,0.5,0.3408096280087528,jointAAE,70,3,tfidf-glove-bert
4,MLP,0.5170124481327801,0.25850622406639,0.5,0.3408096280087528,jointAAE,70,3,tfidf-glove-bert
5,Extra,0.7054696341003395,0.7051356361071295,0.705164241912765,0.7051491505130798,jointAAE,70,3,tfidf-glove-bert
6,KNN,0.5010184835910977,0.5003477680979302,0.5003476291267326,0.5003440028356438,jointAAE,70,3,tfidf-glove-bert
0,LR,0.6568841946435308,0.656528175881664,0.6565841683703377,0.6565507657804677,jointAAE,70,3,tfidf-glove-falcon
1,SVM,0.5164843455299887,0.5127490985184493,0.5117837874701074,0.504493007511334,jointAAE,70,3,tfidf-glove-falcon
2,RF,0.8301018483591097,0.8403493115757267,0.8270728749994358,0.8277371537241092,jointAAE,70,3,tfidf-glove-falcon
3,NB,0.5170124481327801,0.25850622406639,0.5,0.3408096280087528,jointAAE,70,3,tfidf-glove-falcon
4,MLP,0.5170124481327801,0.25850622406639,0.5,0.3408096280087528,jointAAE,70,3,tfidf-glove-falcon
5,Extra,0.8503960769520935,0.8559116303086882,0.8482361300616832,0.8491094118470536,jointAAE,70,3,tfidf-glove-falcon
6,KNN,0.5035081101471143,0.5029504389345851,0.5029506479465937,0.5029504030102607,jointAAE,70,3,tfidf-glove-falcon
0,LR,0.6193134666163712,0.619734610833545,0.6198179692040459,0.6192985393162803,jointAAE,70,3,tfidf-glove-fast
1,SVM,0.5113542059600151,0.5074859181009295,0.5070023512917061,0.5008371811151727,jointAAE,70,3,tfidf-glove-fast
2,RF,0.7147491512636741,0.7145698003222196,0.7138608621001764,0.7140228365956125,jointAAE,70,3,tfidf-glove-fast
3,NB,0.5170124481327801,0.25850622406639,0.5,0.3408096280087528,jointAAE,70,3,tfidf-glove-fast
4,MLP,0.5170124481327801,0.25850622406639,0.5,0.3408096280087528,jointAAE,70,3,tfidf-glove-fast
5,Extra,0.7225952470765749,0.7227310115308763,0.7214282204146678,0.7216313067888538,jointAAE,70,3,tfidf-glove-fast
6,KNN,0.5024519049415315,0.5016381152305193,0.5016362262394928,0.5016124342584242,jointAAE,70,3,tfidf-glove-fast
0,LR,0.6140324405884572,0.6192680406919001,0.6091802421293908,0.6034532927737799,jointAAE,70,3,tfidf-w2v-bert
1,SVM,0.5155035835533761,0.5116815995739121,0.5107941789860011,0.5034520634565084,jointAAE,70,3,tfidf-w2v-bert
2,RF,0.7089400226329687,0.7086183127396191,0.7086746316735891,0.7086433030050987,jointAAE,70,3,tfidf-w2v-bert
3,NB,0.5170124481327801,0.25850622406639,0.5,0.3408096280087528,jointAAE,70,3,tfidf-w2v-bert
4,MLP,0.5170124481327801,0.25850622406639,0.5,0.3408096280087528,jointAAE,70,3,tfidf-w2v-bert
5,Extra,0.7105243304413429,0.7101886456916647,0.7099703744265311,0.7100502053703688,jointAAE,70,3,tfidf-w2v-bert
6,KNN,0.5016974726518295,0.5009126550251845,0.5009117586147588,0.5008934707950797,jointAAE,70,3,tfidf-w2v-bert
0,LR,0.5984156921916258,0.5977058626022083,0.5967449477816673,0.5964717194659095,jointAAE,70,3,tfidf-w2v-falcon
1,SVM,0.5169370049038099,0.5133285358811213,0.512380887192656,0.505613816904148,jointAAE,70,3,tfidf-w2v-falcon
2,RF,0.8285175405507356,0.8392091835874032,0.8254173429952417,0.8260458765189389,jointAAE,70,3,tfidf-w2v-falcon
3,NB,0.5170124481327801,0.25850622406639,0.5,0.3408096280087528,jointAAE,70,3,tfidf-w2v-falcon
4,MLP,0.5170124481327801,0.25850622406639,0.5,0.3408096280087528,jointAAE,70,3,tfidf-w2v-falcon
5,Extra,0.8519049415314975,0.8582080618668673,0.8496131074609008,0.850519698900277,jointAAE,70,3,tfidf-w2v-falcon
6,KNN,0.5051678611844587,0.504692841532363,0.5046945602372452,0.5046893273453869,jointAAE,70,3,tfidf-w2v-falcon
0,LR,0.632063372312335,0.6318392384626272,0.6302722915140383,0.63003276110018,jointAAE,70,3,tfidf-w2v-fast
1,SVM,0.5134666163711807,0.5094227774951363,0.5086854629597592,0.5010377480347853,jointAAE,70,3,tfidf-w2v-fast
2,RF,0.7016974726518295,0.701496606978835,0.7007349478970004,0.7008845758048063,jointAAE,70,3,tfidf-w2v-fast
3,NB,0.5170124481327801,0.25850622406639,0.5,0.3408096280087528,jointAAE,70,3,tfidf-w2v-fast
4,MLP,0.4827612221803093,0.4886999110692613,0.4990152806381232,0.343377468150625,jointAAE,70,3,tfidf-w2v-fast
5,Extra,0.6996605054696341,0.6995509256987655,0.6985594138669546,0.6987112802266973,jointAAE,70,3,tfidf-w2v-fast
6,KNN,0.5048660882685779,0.5040880620666106,0.5040840467690926,0.5040671989141723,jointAAE,70,3,tfidf-w2v-fast
0,LR,0.6284420973217654,0.6281000877578047,0.626749616266586,0.6265559837220178,jointAAE,70,3,tfidf-w2v-glove
1,SVM,0.5132402866842701,0.5099337356347208,0.5094482913896791,0.5050313814278009,jointAAE,70,3,tfidf-w2v-glove
2,RF,0.7082610335722369,0.7085577848773765,0.706861519499073,0.707016199033031,jointAAE,70,3,tfidf-w2v-glove
3,NB,0.5170124481327801,0.25850622406639,0.5,0.3408096280087528,jointAAE,70,3,tfidf-w2v-glove
4,MLP,0.4829875518672199,0.2414937759336099,0.5,0.3256855064353665,jointAAE,70,3,tfidf-w2v-glove
5,Extra,0.7154281403244059,0.7156143726507965,0.7141679992658795,0.7143535312922189,jointAAE,70,3,tfidf-w2v-glove
6,KNN,0.5018483591097699,0.5011814945019023,0.5011810364237099,0.5011777663237453,jointAAE,70,3,tfidf-w2v-glove
0,LR,0.7560920407393437,0.7625554259032138,0.7531083534790242,0.7529194136768103,jointAAE,70,3,w2v-bert-falcon
1,SVM,0.5560165975103735,0.5548165117219106,0.5542350328925101,0.5537532062573276,jointAAE,70,3,w2v-bert-falcon
2,RF,0.9140701622029422,0.915925756390014,0.9130119851190164,0.913736796789419,jointAAE,70,3,w2v-bert-falcon
3,NB,0.5170124481327801,0.25850622406639,0.5,0.3408096280087528,jointAAE,70,3,w2v-bert-falcon
4,MLP,0.5159562429271973,0.5060684324230562,0.5019648003257409,0.407220753170478,jointAAE,70,3,w2v-bert-falcon
5,Extra,0.919200301772916,0.9206260908629378,0.9182919864027242,0.9189281362350852,jointAAE,70,3,w2v-bert-falcon
6,KNN,0.5077329309694455,0.5073403265785246,0.5073448405719923,0.5073280143548335,jointAAE,70,3,w2v-bert-falcon
0,LR,0.8596001508864579,0.8594507901736818,0.8594091533394209,0.8594293779470792,jointAAE,70,3,w2v-fast-bert
1,SVM,0.5127121840814787,0.5119702325014359,0.5119597958703717,0.5119494592104253,jointAAE,70,3,w2v-fast-bert
2,RF,0.9016974726518296,0.9019533495357052,0.9012417367566214,0.9015062784236152,jointAAE,70,3,w2v-fast-bert
3,NB,0.5170124481327801,0.25850622406639,0.5,0.3408096280087528,jointAAE,70,3,w2v-fast-bert
4,MLP,0.4820067898906073,0.4868586734764791,0.4968105372368085,0.3722237738057239,jointAAE,70,3,w2v-fast-bert
5,Extra,0.904866088268578,0.9053776146419952,0.9042752490569008,0.904645173590082,jointAAE,70,3,w2v-fast-bert
6,KNN,0.5010184835910977,0.5003118282453765,0.5003116502016074,0.5003046099763421,jointAAE,70,3,w2v-fast-bert
0,LR,0.7310448887212373,0.7334677493802237,0.7288494065107062,0.7288816580069182,jointAAE,70,3,w2v-fast-falcon
1,SVM,0.5655224443606186,0.5644128470919989,0.5635977019621176,0.5630153298921043,jointAAE,70,3,w2v-fast-falcon
2,RF,0.9330818559034326,0.9338311821255332,0.9324671814536288,0.9329155336439112,jointAAE,70,3,w2v-fast-falcon
3,NB,0.5170124481327801,0.25850622406639,0.5,0.3408096280087528,jointAAE,70,3,w2v-fast-falcon
4,MLP,0.4831384383251603,0.5123494696797923,0.5000893831833251,0.3274137127056535,jointAAE,70,3,w2v-fast-falcon
5,Extra,0.9370803470388532,0.9375111312847764,0.9366270722983336,0.936951590790503,jointAAE,70,3,w2v-fast-falcon
6,KNN,0.5141456054319125,0.5139687386708864,0.5139833910249756,0.5139048334927794,jointAAE,70,3,w2v-fast-falcon
0,LR,0.8605809128630706,0.8604312607089388,0.8607996698463511,0.8605080216754117,jointAAE,70,3,w2v-glove-bert
1,SVM,0.5094681252357601,0.5086730240661571,0.508663148504455,0.5086435375070547,jointAAE,70,3,w2v-glove-bert
2,RF,0.9043379856657864,0.9041838710450664,0.9043144873968458,0.9042432131934242,jointAAE,70,3,w2v-glove-bert
3,NB,0.5170124481327801,0.25850622406639,0.5,0.3408096280087528,jointAAE,70,3,w2v-glove-bert
4,MLP,0.5170124481327801,0.25850622406639,0.5,0.3408096280087528,jointAAE,70,3,w2v-glove-bert
5,Extra,0.907204828366654,0.90704264712905,0.9072154919484932,0.9071181158883616,jointAAE,70,3,w2v-glove-bert
6,KNN,0.5006412674462467,0.4999210971831819,0.4999211472337848,0.4999125023457584,jointAAE,70,3,w2v-glove-bert
0,LR,0.7496793662768767,0.7616897137180074,0.745724525291304,0.7445570907809484,jointAAE,70,3,w2v-glove-falcon
1,SVM,0.5502074688796681,0.548980208099667,0.5485245381283839,0.5481102268660059,jointAAE,70,3,w2v-glove-falcon
2,RF,0.9390418709920784,0.9390875777789364,0.93884786204953,0.9389553564348656,jointAAE,70,3,w2v-glove-falcon
3,NB,0.5170124481327801,0.25850622406639,0.5,0.3408096280087528,jointAAE,70,3,w2v-glove-falcon
4,MLP,0.5146737080347039,0.5058328184888465,0.5031658946868028,0.4445384587448743,jointAAE,70,3,w2v-glove-falcon
5,Extra,0.9447755563938136,0.9447461753142576,0.9446704305386108,0.944706921483972,jointAAE,70,3,w2v-glove-falcon
6,KNN,0.5066767257638627,0.506339138891546,0.5063439494981253,0.506316599235661,jointAAE,70,3,w2v-glove-falcon
0,LR,0.8521312712184081,0.8519592078595392,0.8522939761501096,0.8520444987967105,jointAAE,70,3,w2v-glove-fast
1,SVM,0.5091663523198793,0.5085132811582233,0.5085100813700374,0.5085083306831536,jointAAE,70,3,w2v-glove-fast
2,RF,0.8801207091663523,0.8800995153320929,0.8805394381671459,0.8800833366976908,jointAAE,70,3,w2v-glove-fast
3,NB,0.5170124481327801,0.25850622406639,0.5,0.3408096280087528,jointAAE,70,3,w2v-glove-fast
4,MLP,0.4852508487363259,0.4968031543243318,0.4988427823768956,0.397034538107092,jointAAE,70,3,w2v-glove-fast
5,Extra,0.8789890607317993,0.8792054061079262,0.8796043622002153,0.8789720812119171,jointAAE,70,3,w2v-glove-fast
6,KNN,0.5009430403621274,0.500233685975311,0.5002335496080429,0.5002262016452623,jointAAE,70,3,w2v-glove-fast
0,LR,0.6113919275745002,0.6107396979711852,0.6101576904889774,0.6101236596536744,jointAAE,70,4,cv-fast-bert-falcon
1,SVM,0.5088645794039985,0.5018616551661281,0.5015158786153805,0.4806594163898376,jointAAE,70,4,cv-fast-bert-falcon
2,RF,0.7897397208600528,0.7947042561398997,0.7873192967887743,0.7877039360808581,jointAAE,70,4,cv-fast-bert-falcon
3,NB,0.5170124481327801,0.25850622406639,0.5,0.3408096280087528,jointAAE,70,4,cv-fast-bert-falcon
4,MLP,0.4823085628064881,0.4866504411693331,0.4979812939676254,0.3554210031766679,jointAAE,70,4,cv-fast-bert-falcon
5,Extra,0.7929837797057714,0.7960330002314262,0.7910374115633005,0.7915084854383847,jointAAE,70,4,cv-fast-bert-falcon
6,KNN,0.5061486231610713,0.5047856710831513,0.5047589963609886,0.5044807857361568,jointAAE,70,4,cv-fast-bert-falcon
0,LR,0.5895133911731422,0.5887201404592869,0.5877141122131276,0.5873215626916877,jointAAE,70,4,cv-glove-bert-falcon
1,SVM,0.5103734439834025,0.5029121149799698,0.5022503752087906,0.4760842252178589,jointAAE,70,4,cv-glove-bert-falcon
2,RF,0.7587325537533006,0.7693124337243069,0.7550760371332594,0.7543774532129485,jointAAE,70,4,cv-glove-bert-falcon
3,NB,0.5170124481327801,0.25850622406639,0.5,0.3408096280087528,jointAAE,70,4,cv-glove-bert-falcon
4,MLP,0.516635231987929,0.4917931208902377,0.4998150908900359,0.345492589689572,jointAAE,70,4,cv-glove-bert-falcon
5,Extra,0.7703508110147115,0.7780415817052904,0.7672628637820345,0.7671711548815566,jointAAE,70,4,cv-glove-bert-falcon
6,KNN,0.504488872123727,0.5029392357849178,0.5029174269878545,0.5024956240061209,jointAAE,70,4,cv-glove-bert-falcon
0,LR,0.6534892493398717,0.6535479632244945,0.6517230018909621,0.6515768857357243,jointAAE,70,4,cv-glove-fast-bert
1,SVM,0.5072048283666541,0.5015677939879635,0.5013858781089175,0.4891333947321304,jointAAE,70,4,cv-glove-fast-bert
2,RF,0.7361750282912108,0.7378295512004278,0.7342938828807009,0.734464039612901,jointAAE,70,4,cv-glove-fast-bert
3,NB,0.5170124481327801,0.25850622406639,0.5,0.3408096280087528,jointAAE,70,4,cv-glove-fast-bert
4,MLP,0.516635231987929,0.487959007695997,0.4997791119649106,0.3445328821536756,jointAAE,70,4,cv-glove-fast-bert
5,Extra,0.7394190871369295,0.7422118534518778,0.7371742026844541,0.7372403049031,jointAAE,70,4,cv-glove-fast-bert
6,KNN,0.4992078460958129,0.4976072522450152,0.4976251402175182,0.4971836999052915,jointAAE,70,4,cv-glove-fast-bert
0,LR,0.6419464353074311,0.642082719850087,0.6399432260083251,0.6396023256392711,jointAAE,70,4,cv-glove-fast-falcon
1,SVM,0.5093926820067899,0.5025467055711922,0.5020780023096715,0.481467964330048,jointAAE,70,4,cv-glove-fast-falcon
2,RF,0.8144096567333082,0.8221562882512261,0.8116451871230048,0.8121837531127317,jointAAE,70,4,cv-glove-fast-falcon
3,NB,0.5170124481327801,0.25850622406639,0.5,0.3408096280087528,jointAAE,70,4,cv-glove-fast-falcon
4,MLP,0.5164089023010184,0.5011774447127691,0.5000947737539884,0.3582033296344378,jointAAE,70,4,cv-glove-fast-falcon
5,Extra,0.8288193134666164,0.8330657403801507,0.8267936935839172,0.8274935743559768,jointAAE,70,4,cv-glove-fast-falcon
6,KNN,0.5047152018106374,0.5033750607151416,0.5033573226264064,0.5030987819115459,jointAAE,70,4,cv-glove-fast-falcon
0,LR,0.5963032817804602,0.5965791514663112,0.5931600929284238,0.5911227888198396,jointAAE,70,4,cv-w2v-bert-falcon
1,SVM,0.5118823085628065,0.5054811812570231,0.5044343085001025,0.483076649740612,jointAAE,70,4,cv-w2v-bert-falcon
2,RF,0.7802338740098076,0.7853473937604858,0.7777150549361832,0.7779919665848365,jointAAE,70,4,cv-w2v-bert-falcon
3,NB,0.5170124481327801,0.25850622406639,0.5,0.3408096280087528,jointAAE,70,4,cv-w2v-bert-falcon
4,MLP,0.4834402112410411,0.4960563592677598,0.4996256687441675,0.3457948206435406,jointAAE,70,4,cv-w2v-bert-falcon
5,Extra,0.7849867974349302,0.7884301004889962,0.782887244806624,0.783295491107513,jointAAE,70,4,cv-w2v-bert-falcon
6,KNN,0.5049415314975481,0.5035254959850235,0.5035042470175101,0.5031901522619455,jointAAE,70,4,cv-w2v-bert-falcon
0,LR,0.5897397208600528,0.5895622915341062,0.5867970883898139,0.58503749571743,jointAAE,70,4,cv-w2v-fast-bert
1,SVM,0.5081855903432667,0.5024035122078601,0.502097934884915,0.4885369222288658,jointAAE,70,4,cv-w2v-fast-bert
2,RF,0.7179177668804225,0.7202061225015125,0.7156556714068587,0.7155710139829279,jointAAE,70,4,cv-w2v-fast-bert
3,NB,0.5170124481327801,0.25850622406639,0.5,0.3408096280087528,jointAAE,70,4,cv-w2v-fast-bert
4,MLP,0.4829875518672199,0.2414937759336099,0.5,0.3256855064353665,jointAAE,70,4,cv-w2v-fast-bert
5,Extra,0.7078083741984157,0.7114880267601056,0.7050154370900346,0.7044833629943035,jointAAE,70,4,cv-w2v-fast-bert
6,KNN,0.5004903809883063,0.49886161736145,0.4988706127649716,0.4983984520229956,jointAAE,70,4,cv-w2v-fast-bert
0,LR,0.6036967182195399,0.6030067068958676,0.6025974778146677,0.6025883675425405,jointAAE,70,4,cv-w2v-fast-falcon
1,SVM,0.5096944549226707,0.5032968188358171,0.5027501939351817,0.4844699621033477,jointAAE,70,4,cv-w2v-fast-falcon
2,RF,0.8065635609204074,0.8110729272404018,0.8043502406701758,0.8048971723545648,jointAAE,70,4,cv-w2v-fast-falcon
3,NB,0.5170124481327801,0.25850622406639,0.5,0.3408096280087528,jointAAE,70,4,cv-w2v-fast-falcon
4,MLP,0.4829875518672199,0.2414937759336099,0.5,0.3256855064353665,jointAAE,70,4,cv-w2v-fast-falcon
5,Extra,0.8223311957751792,0.8246891573873281,0.8207400827289626,0.8213345253703999,jointAAE,70,4,cv-w2v-fast-falcon
6,KNN,0.5040362127499057,0.5027294643897698,0.5027160954416834,0.5024813706219768,jointAAE,70,4,cv-w2v-fast-falcon
0,LR,0.6292719728404376,0.6287098462309788,0.6282871825267284,0.6283308447760634,jointAAE,70,4,cv-w2v-glove-bert
1,SVM,0.5108261033572237,0.5051042775383434,0.504374009325938,0.4889735606814011,jointAAE,70,4,cv-w2v-glove-bert
2,RF,0.7498302527348171,0.7498006087088317,0.7489903335785416,0.7491989856938092,jointAAE,70,4,cv-w2v-glove-bert
3,NB,0.5170124481327801,0.25850622406639,0.5,0.3408096280087528,jointAAE,70,4,cv-w2v-glove-bert
4,MLP,0.5170124481327801,0.25850622406639,0.5,0.3408096280087528,jointAAE,70,4,cv-w2v-glove-bert
5,Extra,0.7507355714824594,0.7513052980420771,0.7494546748282414,0.7497376716894391,jointAAE,70,4,cv-w2v-glove-bert
6,KNN,0.4998868351565447,0.4980617772174924,0.4980813329301687,0.4974234135827285,jointAAE,70,4,cv-w2v-glove-bert
0,LR,0.6034703885326292,0.6028032014793414,0.6018594710822209,0.6016379141289683,jointAAE,70,4,cv-w2v-glove-falcon
1,SVM,0.5087136929460581,0.5024173710719737,0.5020484168520772,0.4853706852407398,jointAAE,70,4,cv-w2v-glove-falcon
2,RF,0.8043757072802716,0.8125701529852629,0.8014685418832297,0.8018585105782997,jointAAE,70,4,cv-w2v-glove-falcon
3,NB,0.5170124481327801,0.25850622406639,0.5,0.3408096280087528,jointAAE,70,4,cv-w2v-glove-falcon
4,MLP,0.5170124481327801,0.25850622406639,0.5,0.3408096280087528,jointAAE,70,4,cv-w2v-glove-falcon
5,Extra,0.8182572614107884,0.8220414711978984,0.8162759380470489,0.8169029090069306,jointAAE,70,4,cv-w2v-glove-falcon
6,KNN,0.5001886080724255,0.4988036004462745,0.4988100628665901,0.4985313342140643,jointAAE,70,4,cv-w2v-glove-falcon
0,LR,0.6141833270463976,0.613560687269588,0.6132324469229369,0.6132618891522748,jointAAE,70,4,cv-w2v-glove-fast
1,SVM,0.5076574877404753,0.5024953154963729,0.5022451100002356,0.4918896423226122,jointAAE,70,4,cv-w2v-glove-fast
2,RF,0.7287061486231611,0.7319666706443742,0.7262329739452409,0.72610794940392,jointAAE,70,4,cv-w2v-glove-fast
3,NB,0.5330064126744625,0.5582390934888559,0.5420406845172281,0.5026444298154689,jointAAE,70,4,cv-w2v-glove-fast
4,MLP,0.4829875518672199,0.2414937759336099,0.5,0.3256855064353665,jointAAE,70,4,cv-w2v-glove-fast
5,Extra,0.727574500188608,0.7318407074262769,0.7248198922587895,0.7245011188734107,jointAAE,70,4,cv-w2v-glove-fast
6,KNN,0.4983025273481705,0.4966242022875681,0.4966519541696189,0.4961468552308845,jointAAE,70,4,cv-w2v-glove-fast
0,LR,0.7594869860430027,0.7655438332671027,0.7566126004965342,0.7565290545595558,jointAAE,70,4,glove-fast-bert-falcon
1,SVM,0.5572236891738966,0.5561248361150426,0.5557005159402935,0.5554211936930515,jointAAE,70,4,glove-fast-bert-falcon
2,RF,0.907204828366654,0.9084971385289676,0.9063005992810232,0.906897948001342,jointAAE,70,4,glove-fast-bert-falcon
3,NB,0.5170124481327801,0.25850622406639,0.5,0.3408096280087528,jointAAE,70,4,glove-fast-bert-falcon
4,MLP,0.4829875518672199,0.2414937759336099,0.5,0.3256855064353665,jointAAE,70,4,glove-fast-bert-falcon
5,Extra,0.9112033195020748,0.9125905545879144,0.910280595500102,0.9109026518096226,jointAAE,70,4,glove-fast-bert-falcon
6,KNN,0.5044134288947567,0.5038516803685805,0.5038518761442426,0.5038517064785749,jointAAE,70,4,glove-fast-bert-falcon
0,LR,0.6012825348924934,0.6006294974424546,0.6003963699144981,0.6004195440280606,jointAAE,70,4,tfidf-cv-bert-falcon
1,SVM,0.5162580158430781,0.5097637529754299,0.5066563518723833,0.468613459933842,jointAAE,70,4,tfidf-cv-bert-falcon
2,RF,0.7376838928706149,0.7434140446322106,0.734684009762198,0.734281020744181,jointAAE,70,4,tfidf-cv-bert-falcon
3,NB,0.5170124481327801,0.25850622406639,0.5,0.3408096280087528,jointAAE,70,4,tfidf-cv-bert-falcon
4,MLP,0.5170124481327801,0.25850622406639,0.5,0.3408096280087528,jointAAE,70,4,tfidf-cv-bert-falcon
5,Extra,0.7431912485854395,0.7471919169953098,0.7406423454147304,0.7405912869435329,jointAAE,70,4,tfidf-cv-bert-falcon
6,KNN,0.5008675971331573,0.4991454913036878,0.4991531789574185,0.4985917929474334,jointAAE,70,4,tfidf-cv-bert-falcon
0,LR,0.5732930969445492,0.5723162327910026,0.5710664002972586,0.5701969966072233,jointAAE,70,4,tfidf-cv-fast-bert
1,SVM,0.5127121840814787,0.5047663295624201,0.5033145741474249,0.4668398625591682,jointAAE,70,4,tfidf-cv-fast-bert
2,RF,0.664881176914372,0.6662823626974423,0.6624111245332142,0.6618204964519552,jointAAE,70,4,tfidf-cv-fast-bert
3,NB,0.5170124481327801,0.25850622406639,0.5,0.3408096280087528,jointAAE,70,4,tfidf-cv-fast-bert
4,MLP,0.5170124481327801,0.25850622406639,0.5,0.3408096280087528,jointAAE,70,4,tfidf-cv-fast-bert
5,Extra,0.6635231987929083,0.6669344689222124,0.6602600361143163,0.6587416375183002,jointAAE,70,4,tfidf-cv-fast-bert
6,KNN,0.5043379856657865,0.5025459135927136,0.5025196530177418,0.5018593325279372,jointAAE,70,4,tfidf-cv-fast-bert
0,LR,0.6114673708034704,0.6114035628536834,0.61153103238705,0.611328000182928,jointAAE,70,4,tfidf-cv-fast-falcon
1,SVM,0.5133911731422105,0.5061519991532851,0.504459506283901,0.4721020475696013,jointAAE,70,4,tfidf-cv-fast-falcon
2,RF,0.8047529234251226,0.8145319877497719,0.8016071923751757,0.801913373259007,jointAAE,70,4,tfidf-cv-fast-falcon
3,NB,0.5170124481327801,0.25850622406639,0.5,0.3408096280087528,jointAAE,70,4,tfidf-cv-fast-falcon
4,MLP,0.4829875518672199,0.2414937759336099,0.5,0.3256855064353665,jointAAE,70,4,tfidf-cv-fast-falcon
5,Extra,0.8171256129762354,0.8225720603690008,0.8147857586639007,0.8154069250376355,jointAAE,70,4,tfidf-cv-fast-falcon
6,KNN,0.5030554507732931,0.5014297245656858,0.5014180961707893,0.5009350150066137,jointAAE,70,4,tfidf-cv-fast-falcon
0,LR,0.5550358355337608,0.554407661598384,0.5543710507801786,0.5543787195627368,jointAAE,70,4,tfidf-cv-glove-bert
1,SVM,0.5133157299132403,0.506338282937299,0.5047257754022494,0.4751584089100454,jointAAE,70,4,tfidf-cv-glove-bert
2,RF,0.6660882685778952,0.6661434875574359,0.6644831094616801,0.6644541790923555,jointAAE,70,4,tfidf-cv-glove-bert
3,NB,0.5170124481327801,0.25850622406639,0.5,0.3408096280087528,jointAAE,70,4,tfidf-cv-glove-bert
4,MLP,0.5170124481327801,0.25850622406639,0.5,0.3408096280087528,jointAAE,70,4,tfidf-cv-glove-bert
5,Extra,0.6707657487740475,0.6732665706234198,0.6679170283363496,0.6669922087736051,jointAAE,70,4,tfidf-cv-glove-bert
6,KNN,0.5019992455677103,0.5002240805446987,0.5002218909319569,0.4995990644698465,jointAAE,70,4,tfidf-cv-glove-bert
0,LR,0.606789890607318,0.6068542410750266,0.6069766269870521,0.6066994513050792,jointAAE,70,4,tfidf-cv-glove-falcon
1,SVM,0.5144473783477933,0.5073246929883182,0.5051314471851944,0.4695315546134422,jointAAE,70,4,tfidf-cv-glove-falcon
2,RF,0.7847604677480197,0.7901033737077525,0.7822263357708741,0.7825380101170547,jointAAE,70,4,tfidf-cv-glove-falcon
3,NB,0.5170124481327801,0.25850622406639,0.5,0.3408096280087528,jointAAE,70,4,tfidf-cv-glove-falcon
4,MLP,0.4830629950961901,0.5142328601630927,0.5000472615148858,0.326487482282555,jointAAE,70,4,tfidf-cv-glove-falcon
5,Extra,0.7996982270841192,0.8063029633154669,0.797027213105054,0.7974385130459445,jointAAE,70,4,tfidf-cv-glove-falcon
6,KNN,0.5004903809883063,0.4987512508195024,0.4987626759895959,0.4981871633603881,jointAAE,70,4,tfidf-cv-glove-falcon
0,LR,0.5859675594115428,0.5859433499926896,0.5860427845832687,0.585837378544043,jointAAE,70,4,tfidf-cv-glove-fast
1,SVM,0.5117314221048661,0.5045728006035093,0.5035071303460044,0.4766675705042085,jointAAE,70,4,tfidf-cv-glove-fast
2,RF,0.6768012070916635,0.6770540247828678,0.6751467864927844,0.6751359757334134,jointAAE,70,4,tfidf-cv-glove-fast
3,NB,0.5170124481327801,0.25850622406639,0.5,0.3408096280087528,jointAAE,70,4,tfidf-cv-glove-fast
4,MLP,0.5170124481327801,0.5085100762321685,0.5000154195393394,0.3412302780165724,jointAAE,70,4,tfidf-cv-glove-fast
5,Extra,0.682610335722369,0.6853883586018847,0.679813892428279,0.6790503498122368,jointAAE,70,4,tfidf-cv-glove-fast
6,KNN,0.5012448132780083,0.499482214056881,0.49948714361433,0.4988829076739354,jointAAE,70,4,tfidf-cv-glove-fast
0,LR,0.5482459449264429,0.5467158330116269,0.5448594515257321,0.541859369750955,jointAAE,70,4,tfidf-cv-w2v-bert
1,SVM,0.5127876273104489,0.5057136530423035,0.5042921478691199,0.4754360360939818,jointAAE,70,4,tfidf-cv-w2v-bert
2,RF,0.6675216899283289,0.6703038765017253,0.6645278637343968,0.6634043475849027,jointAAE,70,4,tfidf-cv-w2v-bert
3,NB,0.5170124481327801,0.25850622406639,0.5,0.3408096280087528,jointAAE,70,4,tfidf-cv-w2v-bert
4,MLP,0.5170124481327801,0.25850622406639,0.5,0.3408096280087528,jointAAE,70,4,tfidf-cv-w2v-bert
5,Extra,0.6664654847227461,0.6719952875725175,0.6626480589181851,0.6602980945000803,jointAAE,70,4,tfidf-cv-w2v-bert
6,KNN,0.5027536778574123,0.5009509353381932,0.5009412187102446,0.5002831122743299,jointAAE,70,4,tfidf-cv-w2v-bert
0,LR,0.6249717087891362,0.6245488740722791,0.6245601670425023,0.6245542320449269,jointAAE,70,4,tfidf-cv-w2v-falcon
1,SVM,0.5131648434552999,0.5059318317274974,0.5043382811250297,0.4728404809578406,jointAAE,70,4,tfidf-cv-w2v-falcon
2,RF,0.7966804979253111,0.8085720230406481,0.7931784710135226,0.7931900737348989,jointAAE,70,4,tfidf-cv-w2v-falcon
3,NB,0.5170124481327801,0.25850622406639,0.5,0.3408096280087528,jointAAE,70,4,tfidf-cv-w2v-falcon
4,MLP,0.5170124481327801,0.25850622406639,0.5,0.3408096280087528,jointAAE,70,4,tfidf-cv-w2v-falcon
5,Extra,0.8081478687287816,0.8152046804808,0.8054558091045987,0.8059457891965689,jointAAE,70,4,tfidf-cv-w2v-falcon
6,KNN,0.5024519049415315,0.5007177534271714,0.5007110538791298,0.5001268285560463,jointAAE,70,4,tfidf-cv-w2v-falcon
0,LR,0.610939268200679,0.6102869532385213,0.6098535620138771,0.6098573990027534,jointAAE,70,4,tfidf-cv-w2v-fast
1,SVM,0.5118823085628065,0.5050156240322099,0.5039203238554565,0.4790207180992698,jointAAE,70,4,tfidf-cv-w2v-fast
2,RF,0.6820822331195775,0.6856347161567821,0.6790307553367902,0.6779858757062147,jointAAE,70,4,tfidf-cv-w2v-fast
3,NB,0.5170124481327801,0.25850622406639,0.5,0.3408096280087528,jointAAE,70,4,tfidf-cv-w2v-fast
4,MLP,0.5167106752168993,0.4790406972864026,0.4997852547082247,0.3427710107778348,jointAAE,70,4,tfidf-cv-w2v-fast
5,Extra,0.6807996982270841,0.6847086662749204,0.6776259475494968,0.6764205441718814,jointAAE,70,4,tfidf-cv-w2v-fast
6,KNN,0.5035835533760845,0.5018588521715825,0.5018414440110259,0.5012586060980352,jointAAE,70,4,tfidf-cv-w2v-fast
0,LR,0.623387400980762,0.6230015252970036,0.6230434108923626,0.6230178643458286,jointAAE,70,4,tfidf-cv-w2v-glove
1,SVM,0.5121086382497171,0.5052377957972748,0.5040723880930067,0.4786481035165424,jointAAE,70,4,tfidf-cv-w2v-glove
2,RF,0.6903809883062995,0.6957579161706534,0.6869433608979538,0.6855137397697842,jointAAE,70,4,tfidf-cv-w2v-glove
3,NB,0.5170124481327801,0.25850622406639,0.5,0.3408096280087528,jointAAE,70,4,tfidf-cv-w2v-glove
4,MLP,0.5170124481327801,0.25850622406639,0.5,0.3408096280087528,jointAAE,70,4,tfidf-cv-w2v-glove
5,Extra,0.6854017351942663,0.6927543310356636,0.681454631703676,0.6791860863306847,jointAAE,70,4,tfidf-cv-w2v-glove
6,KNN,0.5042625424368163,0.5025576271867233,0.5025340696602135,0.5019664776901281,jointAAE,70,4,tfidf-cv-w2v-glove
0,LR,0.6114673708034704,0.6121336226560785,0.608462544058513,0.6067943688906553,jointAAE,70,4,tfidf-fast-bert-falcon
1,SVM,0.5204828366654093,0.5176367401995894,0.5168380115964966,0.512907575357209,jointAAE,70,4,tfidf-fast-bert-falcon
2,RF,0.8066390041493776,0.8175821081767509,0.8033438336635371,0.8036105687782568,jointAAE,70,4,tfidf-fast-bert-falcon
3,NB,0.5170124481327801,0.25850622406639,0.5,0.3408096280087528,jointAAE,70,4,tfidf-fast-bert-falcon
4,MLP,0.4837419841569219,0.5166191562143672,0.5004983143810898,0.3329601088385018,jointAAE,70,4,tfidf-fast-bert-falcon
5,Extra,0.8174273858921162,0.8240241869498983,0.8148771476409609,0.8154820463446082,jointAAE,70,4,tfidf-fast-bert-falcon
6,KNN,0.5078838174273859,0.5076124031805676,0.5076192582273898,0.5075748896967455,jointAAE,70,4,tfidf-fast-bert-falcon
0,LR,0.6396831384383251,0.6392765695495456,0.6383197867038942,0.638302264193495,jointAAE,70,4,tfidf-glove-bert-falcon
1,SVM,0.5183704262542437,0.5149788180227947,0.5139984344779897,0.5078829525655013,jointAAE,70,4,tfidf-glove-bert-falcon
2,RF,0.7761599396454169,0.7917301500789913,0.772017347107119,0.7711457881480235,jointAAE,70,4,tfidf-glove-bert-falcon
3,NB,0.5170124481327801,0.25850622406639,0.5,0.3408096280087528,jointAAE,70,4,tfidf-glove-bert-falcon
4,MLP,0.5170124481327801,0.25850622406639,0.5,0.3408096280087528,jointAAE,70,4,tfidf-glove-bert-falcon
5,Extra,0.7901923802338741,0.8000978006849553,0.7869141264542632,0.7869628739087955,jointAAE,70,4,tfidf-glove-bert-falcon
6,KNN,0.5045643153526971,0.5040786815989786,0.5040800351816221,0.5040758402157623,jointAAE,70,4,tfidf-glove-bert-falcon
0,LR,0.6547717842323652,0.654962357478249,0.6529067962810577,0.6527112361532539,jointAAE,70,4,tfidf-glove-fast-bert
1,SVM,0.5110524330441343,0.508540240944529,0.508329559933869,0.506377070626959,jointAAE,70,4,tfidf-glove-fast-bert
2,RF,0.7553376084496416,0.7550553111547087,0.7550257669277709,0.7550400175617291,jointAAE,70,4,tfidf-glove-fast-bert
3,NB,0.5170124481327801,0.25850622406639,0.5,0.3408096280087528,jointAAE,70,4,tfidf-glove-fast-bert
4,MLP,0.4829875518672199,0.2414937759336099,0.5,0.3256855064353665,jointAAE,70,4,tfidf-glove-fast-bert
5,Extra,0.7587325537533006,0.7585311203410421,0.7581753645404752,0.7583026849011838,jointAAE,70,4,tfidf-glove-fast-bert
6,KNN,0.5008675971331573,0.5005405113021694,0.5005409374979628,0.5005133438881867,jointAAE,70,4,tfidf-glove-fast-bert
0,LR,0.6612599019238024,0.660823600374673,0.6603892844481284,0.6604757681212362,jointAAE,70,4,tfidf-glove-fast-falcon
1,SVM,0.5179932101093927,0.5149350104671074,0.5142041536979566,0.5098547723395953,jointAAE,70,4,tfidf-glove-fast-falcon
2,RF,0.8180309317238778,0.8250325299026364,0.8154145749998871,0.8160164072244491,jointAAE,70,4,tfidf-glove-fast-falcon
3,NB,0.5170124481327801,0.25850622406639,0.5,0.3408096280087528,jointAAE,70,4,tfidf-glove-fast-falcon
4,MLP,0.4829875518672199,0.2414937759336099,0.5,0.3256855064353665,jointAAE,70,4,tfidf-glove-fast-falcon
5,Extra,0.8361373066767258,0.8404478600985151,0.8341381580695839,0.8348836035581352,jointAAE,70,4,tfidf-glove-fast-falcon
6,KNN,0.5072802715956243,0.5069884419372923,0.5069944534788737,0.5069558691173525,jointAAE,70,4,tfidf-glove-fast-falcon
0,LR,0.592078460958129,0.5916854066512431,0.5894854788055297,0.5882628690544056,jointAAE,70,4,tfidf-w2v-bert-falcon
1,SVM,0.5194266314598265,0.5163785117468478,0.515528729735842,0.510891343508957,jointAAE,70,4,tfidf-w2v-bert-falcon
2,RF,0.7938136552244436,0.802891911194846,0.7906886541775919,0.7908646369312153,jointAAE,70,4,tfidf-w2v-bert-falcon
3,NB,0.5170124481327801,0.25850622406639,0.5,0.3408096280087528,jointAAE,70,4,tfidf-w2v-bert-falcon
4,MLP,0.4829875518672199,0.2414937759336099,0.5,0.3256855064353665,jointAAE,70,4,tfidf-w2v-bert-falcon
5,Extra,0.8080724254998114,0.8135168812420451,0.8056758196049288,0.8062170317386277,jointAAE,70,4,tfidf-w2v-bert-falcon
6,KNN,0.5061486231610713,0.5057981635286306,0.5058023851896203,0.5057779630152223,jointAAE,70,4,tfidf-w2v-bert-falcon
0,LR,0.5748774047529234,0.5739442197549334,0.5725831564473983,0.5716418216628276,jointAAE,70,4,tfidf-w2v-fast-bert
1,SVM,0.5121840814786873,0.5095838396553157,0.5093211742117105,0.5071090829624006,jointAAE,70,4,tfidf-w2v-fast-bert
2,RF,0.727574500188608,0.7272650598615158,0.7273075779388765,0.727284820969909,jointAAE,70,4,tfidf-w2v-fast-bert
3,NB,0.5170124481327801,0.25850622406639,0.5,0.3408096280087528,jointAAE,70,4,tfidf-w2v-fast-bert
4,MLP,0.4829875518672199,0.2414937759336099,0.5,0.3256855064353665,jointAAE,70,4,tfidf-w2v-fast-bert
5,Extra,0.7260656356092041,0.7258038762952357,0.7254114760485664,0.7255364949788716,jointAAE,70,4,tfidf-w2v-fast-bert
6,KNN,0.4999622783855149,0.4996451370786852,0.4996448491467604,0.4996153855442103,jointAAE,70,4,tfidf-w2v-fast-bert
0,LR,0.6205205582798944,0.6201456403063902,0.6187135290285991,0.6184219520708947,jointAAE,70,4,tfidf-w2v-fast-falcon
1,SVM,0.5192757450018861,0.5165150700667025,0.5158608139611267,0.5124972138858773,jointAAE,70,4,tfidf-w2v-fast-falcon
2,RF,0.8258770275367786,0.8353658250798974,0.8229253950034675,0.8235536941455097,jointAAE,70,4,tfidf-w2v-fast-falcon
3,NB,0.5170124481327801,0.25850622406639,0.5,0.3408096280087528,jointAAE,70,4,tfidf-w2v-fast-falcon
4,MLP,0.4825348924933987,0.489165040120371,0.4970180115262937,0.3787354243585982,jointAAE,70,4,tfidf-w2v-fast-falcon
5,Extra,0.8434552998868352,0.8500445381562332,0.8410662949930876,0.8419111682636273,jointAAE,70,4,tfidf-w2v-fast-falcon
6,KNN,0.5061486231610713,0.5059148748420371,0.5059206016578888,0.5058660025731097,jointAAE,70,4,tfidf-w2v-fast-falcon
0,LR,0.6487363259147492,0.6482981391342888,0.647619900081385,0.647676459772307,jointAAE,70,4,tfidf-w2v-glove-bert
1,SVM,0.5136175028291211,0.5110861942976548,0.5107896659500969,0.5086557530286444,jointAAE,70,4,tfidf-w2v-glove-bert
2,RF,0.7494530365899661,0.7524060899749114,0.7510977959836989,0.749322909095469,jointAAE,70,4,tfidf-w2v-glove-bert
3,NB,0.5170124481327801,0.25850622406639,0.5,0.3408096280087528,jointAAE,70,4,tfidf-w2v-glove-bert
4,MLP,0.5170124481327801,0.25850622406639,0.5,0.3408096280087528,jointAAE,70,4,tfidf-w2v-glove-bert
5,Extra,0.7556393813655224,0.757031740168495,0.7567464872283591,0.755628115182732,jointAAE,70,4,tfidf-w2v-glove-bert
6,KNN,0.5005658242172765,0.5001718899009877,0.5001719968127938,0.5001571733550104,jointAAE,70,4,tfidf-w2v-glove-bert
0,LR,0.6215767634854772,0.6210916620283269,0.6200022515034678,0.6198513351608715,jointAAE,70,4,tfidf-w2v-glove-falcon
1,SVM,0.5183704262542437,0.5155343192939096,0.5148979076061203,0.5113838094776155,jointAAE,70,4,tfidf-w2v-glove-falcon
2,RF,0.8150132025650698,0.8263789781250998,0.8117251681481961,0.8121123478816482,jointAAE,70,4,tfidf-w2v-glove-falcon
3,NB,0.5170124481327801,0.25850622406639,0.5,0.3408096280087528,jointAAE,70,4,tfidf-w2v-glove-falcon
4,MLP,0.4829875518672199,0.2414937759336099,0.5,0.3256855064353665,jointAAE,70,4,tfidf-w2v-glove-falcon
5,Extra,0.8341757827235006,0.8402920682939004,0.8318145713894585,0.8325777218448667,jointAAE,70,4,tfidf-w2v-glove-falcon
6,KNN,0.5038853262919653,0.5035644524599909,0.5035673041580606,0.5035371962644757,jointAAE,70,4,tfidf-w2v-glove-falcon
0,LR,0.627159562429272,0.6265912905172744,0.6262494214538695,0.6262964913263138,jointAAE,70,4,tfidf-w2v-glove-fast
1,SVM,0.5148245944926443,0.5125177161958665,0.512239729458541,0.5105550090062216,jointAAE,70,4,tfidf-w2v-glove-fast
2,RF,0.7270463975858167,0.7268271286803005,0.7263137071430827,0.7264613648600015,jointAAE,70,4,tfidf-w2v-glove-fast
3,NB,0.5170124481327801,0.25850622406639,0.5,0.3408096280087528,jointAAE,70,4,tfidf-w2v-glove-fast
4,MLP,0.4830629950961901,0.574844048697052,0.5000678209006716,0.3259760543517199,jointAAE,70,4,tfidf-w2v-glove-fast
5,Extra,0.7276499434175783,0.7275144317605193,0.726794596191098,0.726970970768918,jointAAE,70,4,tfidf-w2v-glove-fast
6,KNN,0.5016974726518295,0.5013630144046723,0.5013640651020472,0.5013377672092025,jointAAE,70,4,tfidf-w2v-glove-fast
0,LR,0.7809883062995097,0.7811569981964853,0.7801356718882493,0.780403545753798,jointAAE,70,4,w2v-fast-bert-falcon
1,SVM,0.5477932855526216,0.5468199403205075,0.5466369608614483,0.5465394354598334,jointAAE,70,4,w2v-fast-bert-falcon
2,RF,0.9044888721237268,0.9082311863216916,0.9029338744964832,0.9039277500048436,jointAAE,70,4,w2v-fast-bert-falcon
3,NB,0.5170124481327801,0.25850622406639,0.5,0.3408096280087528,jointAAE,70,4,w2v-fast-bert-falcon
4,MLP,0.4829875518672199,0.2414937759336099,0.5,0.3256855064353665,jointAAE,70,4,w2v-fast-bert-falcon
5,Extra,0.9087891361750284,0.9119409641553268,0.907380468483214,0.9083101834397096,jointAAE,70,4,w2v-fast-bert-falcon
6,KNN,0.5023764617125613,0.5017180661438365,0.5017174608857686,0.5017148354214391,jointAAE,70,4,w2v-fast-bert-falcon
0,LR,0.7265937382119955,0.7304435249886031,0.7239382205500589,0.7236805520466363,jointAAE,70,4,w2v-glove-bert-falcon
1,SVM,0.5462844209732176,0.5451503633892203,0.5448642152858532,0.5446297993271023,jointAAE,70,4,w2v-glove-bert-falcon
2,RF,0.9131648434553,0.91414764925662,0.9123934484759226,0.912913567447548,jointAAE,70,4,w2v-glove-bert-falcon
3,NB,0.5170124481327801,0.25850622406639,0.5,0.3408096280087528,jointAAE,70,4,w2v-glove-bert-falcon
4,MLP,0.5170124481327801,0.25850622406639,0.5,0.3408096280087528,jointAAE,70,4,w2v-glove-bert-falcon
5,Extra,0.921463598642022,0.9223331239983664,0.9207635003708212,0.9212514403397374,jointAAE,70,4,w2v-glove-bert-falcon
6,KNN,0.5037344398340249,0.5031541757840992,0.5031541106486085,0.5031541317474514,jointAAE,70,4,w2v-glove-bert-falcon
0,LR,0.8390795926065635,0.838880917812509,0.8391577822540408,0.8389685960251465,jointAAE,70,4,w2v-glove-fast-bert
1,SVM,0.5090154658619389,0.5085060886918018,0.5085080755763022,0.508505413192445,jointAAE,70,4,w2v-glove-fast-bert
2,RF,0.8930215013202565,0.8929065891426626,0.893334396404013,0.8929734013398682,jointAAE,70,4,w2v-glove-fast-bert
3,NB,0.5465107506601282,0.5734655867350873,0.5340889659782281,0.4684332783758607,jointAAE,70,4,w2v-glove-fast-bert
4,MLP,0.4829875518672199,0.2414937759336099,0.5,0.3256855064353665,jointAAE,70,4,w2v-glove-fast-bert
5,Extra,0.9009430403621276,0.90077061947772,0.900969575619176,0.9008545484248388,jointAAE,70,4,w2v-glove-fast-bert
6,KNN,0.5006412674462467,0.4999210971831819,0.4999211472337848,0.4999125023457584,jointAAE,70,4,w2v-glove-fast-bert
0,LR,0.7686910599773671,0.7709783608323064,0.7668141927958909,0.7671538221745384,jointAAE,70,4,w2v-glove-fast-falcon
1,SVM,0.5562429271972841,0.5551087356206756,0.5546492292988296,0.5543185001468877,jointAAE,70,4,w2v-glove-fast-falcon
2,RF,0.9344398340248964,0.934575559655948,0.9341608235387916,0.9343348490322544,jointAAE,70,4,w2v-glove-fast-falcon
3,NB,0.5170124481327801,0.25850622406639,0.5,0.3408096280087528,jointAAE,70,4,w2v-glove-fast-falcon
4,MLP,0.4829875518672199,0.2414937759336099,0.5,0.3256855064353665,jointAAE,70,4,w2v-glove-fast-falcon
5,Extra,0.9382874387023764,0.9385018004932276,0.9379640591849556,0.9381813902197492,jointAAE,70,4,w2v-glove-fast-falcon
6,KNN,0.5060731799321011,0.5055736743167574,0.5055752290491083,0.5055720290840756,jointAAE,70,4,w2v-glove-fast-falcon
0,LR,0.6430026405130139,0.6425516376258721,0.6418127511316438,0.6418467962316207,jointAAE,70,5,cv-glove-fast-bert-falcon
1,SVM,0.5052433044134289,0.4994294804648334,0.4994940385302947,0.4875197206913385,jointAAE,70,5,cv-glove-fast-bert-falcon
2,RF,0.7885326291965297,0.7952475013472815,0.7857612965049545,0.7860282780674851,jointAAE,70,5,cv-glove-fast-bert-falcon
3,NB,0.5170124481327801,0.25850622406639,0.5,0.3408096280087528,jointAAE,70,5,cv-glove-fast-bert-falcon
4,MLP,0.5112787627310449,0.5008816307041677,0.5005302817187446,0.4503543761260049,jointAAE,70,5,cv-glove-fast-bert-falcon
5,Extra,0.793964541682384,0.7971190766290752,0.7919961809687281,0.7924722651678882,jointAAE,70,5,cv-glove-fast-bert-falcon
6,KNN,0.5010939268200679,0.4998856012117965,0.4998860458434186,0.4997145692245154,jointAAE,70,5,cv-glove-fast-bert-falcon
0,LR,0.638098830629951,0.6377213139782282,0.6366488351603607,0.6365973913762761,jointAAE,70,5,cv-w2v-fast-bert-falcon
1,SVM,0.5073557148245945,0.5016953511840953,0.5014958206780284,0.4890485323891252,jointAAE,70,5,cv-w2v-fast-bert-falcon
2,RF,0.8001508864579404,0.8025437849277031,0.7984312687196968,0.7989368057359922,jointAAE,70,5,cv-w2v-fast-bert-falcon
3,NB,0.5170124481327801,0.25850622406639,0.5,0.3408096280087528,jointAAE,70,5,cv-w2v-fast-bert-falcon
4,MLP,0.5170124481327801,0.25850622406639,0.5,0.3408096280087528,jointAAE,70,5,cv-w2v-fast-bert-falcon
5,Extra,0.8034703885326292,0.804303950433106,0.8023354208631632,0.8027446479166254,jointAAE,70,5,cv-w2v-fast-bert-falcon
6,KNN,0.501169370049038,0.5000310677158659,0.5000309644407872,0.4998954164609195,jointAAE,70,5,cv-w2v-fast-bert-falcon
0,LR,0.6337231233496794,0.6331905119939026,0.6326381252247115,0.6326751327634321,jointAAE,70,5,cv-w2v-glove-bert-falcon
1,SVM,0.5081101471142965,0.5029176566194687,0.50261605647914,0.4919077365131841,jointAAE,70,5,cv-w2v-glove-bert-falcon
2,RF,0.7842323651452282,0.7869392981228616,0.7823272522681766,0.7827497478452228,jointAAE,70,5,cv-w2v-glove-bert-falcon
3,NB,0.5170124481327801,0.25850622406639,0.5,0.3408096280087528,jointAAE,70,5,cv-w2v-glove-bert-falcon
4,MLP,0.5170124481327801,0.25850622406639,0.5,0.3408096280087528,jointAAE,70,5,cv-w2v-glove-bert-falcon
5,Extra,0.7869483213881554,0.7883784716096698,0.7854781035019655,0.7859011583080837,jointAAE,70,5,cv-w2v-glove-bert-falcon
6,KNN,0.4999622783855149,0.4987403990438895,0.4987453760186298,0.498567815070525,jointAAE,70,5,cv-w2v-glove-bert-falcon
0,LR,0.598113919275745,0.5977180945480149,0.5957335262906907,0.594815118197637,jointAAE,70,5,cv-w2v-glove-fast-bert
1,SVM,0.5071293851376839,0.502636399533725,0.5024385437335744,0.4950030327548428,jointAAE,70,5,cv-w2v-glove-fast-bert
2,RF,0.7499811391927574,0.750233162280443,0.7488998221362406,0.7491586632683213,jointAAE,70,5,cv-w2v-glove-fast-bert
3,NB,0.5170124481327801,0.25850622406639,0.5,0.3408096280087528,jointAAE,70,5,cv-w2v-glove-fast-bert
4,MLP,0.4829875518672199,0.2414937759336099,0.5,0.3256855064353665,jointAAE,70,5,cv-w2v-glove-fast-bert
5,Extra,0.746435307431158,0.747052788357989,0.7451005980775469,0.7453733872903321,jointAAE,70,5,cv-w2v-glove-fast-bert
6,KNN,0.4980007544322897,0.4965666139544978,0.496586264424791,0.4962787502056033,jointAAE,70,5,cv-w2v-glove-fast-bert
0,LR,0.6620143342135043,0.6770438495409676,0.65635425426344,0.6495373489796012,jointAAE,70,5,cv-w2v-glove-fast-falcon
1,SVM,0.5069784986797435,0.5021117630496661,0.5019276931416397,0.4930903505237776,jointAAE,70,5,cv-w2v-glove-fast-falcon
2,RF,0.808675971331573,0.8152363558459492,0.8060744711098007,0.8065886448438659,jointAAE,70,5,cv-w2v-glove-fast-falcon
3,NB,0.5170124481327801,0.25850622406639,0.5,0.3408096280087528,jointAAE,70,5,cv-w2v-glove-fast-falcon
4,MLP,0.5170124481327801,0.25850622406639,0.5,0.3408096280087528,jointAAE,70,5,cv-w2v-glove-fast-falcon
5,Extra,0.8208223311957752,0.8249752239142382,0.818772022988402,0.8194201780785715,jointAAE,70,5,cv-w2v-glove-fast-falcon
6,KNN,0.5009430403621274,0.4998372826676479,0.4998377814316653,0.4997176812951752,jointAAE,70,5,cv-w2v-glove-fast-falcon
0,LR,0.5781969068276123,0.579738610538304,0.5734856382661317,0.5674004831084507,jointAAE,70,5,tfidf-cv-fast-bert-falcon
1,SVM,0.5118823085628065,0.5050013332451315,0.5039049043161171,0.4788941428960314,jointAAE,70,5,tfidf-cv-fast-bert-falcon
2,RF,0.7521689928328933,0.7570949806623313,0.7494737298687258,0.7494213291764921,jointAAE,70,5,tfidf-cv-fast-bert-falcon
3,NB,0.5170124481327801,0.25850622406639,0.5,0.3408096280087528,jointAAE,70,5,tfidf-cv-fast-bert-falcon
4,MLP,0.4829875518672199,0.2414937759336099,0.5,0.3256855064353665,jointAAE,70,5,tfidf-cv-fast-bert-falcon
5,Extra,0.7542059600150887,0.7578030760971992,0.7518497179101835,0.7519754417908313,jointAAE,70,5,tfidf-cv-fast-bert-falcon
6,KNN,0.5032817804602037,0.5016556322589677,0.50164211825859,0.5011573804150747,jointAAE,70,5,tfidf-cv-fast-bert-falcon
0,LR,0.6412674462466994,0.6407806447625065,0.6401654930266074,0.6402117562830596,jointAAE,70,5,tfidf-cv-glove-bert-falcon
1,SVM,0.5109015465861939,0.5038811576017788,0.5030592115325117,0.4789574288748576,jointAAE,70,5,tfidf-cv-glove-bert-falcon
2,RF,0.7612976235382874,0.77620983985532,0.7570838366621988,0.7558328367568621,jointAAE,70,5,tfidf-cv-glove-bert-falcon
3,NB,0.5170124481327801,0.25850622406639,0.5,0.3408096280087528,jointAAE,70,5,tfidf-cv-glove-bert-falcon
4,MLP,0.5170124481327801,0.25850622406639,0.5,0.3408096280087528,jointAAE,70,5,tfidf-cv-glove-bert-falcon
5,Extra,0.7646925688419465,0.7735842146284322,0.7613539208002315,0.7610162554702078,jointAAE,70,5,tfidf-cv-glove-bert-falcon
6,KNN,0.5037344398340249,0.502082194234648,0.5020644632019589,0.5015524173733544,jointAAE,70,5,tfidf-cv-glove-bert-falcon
0,LR,0.6141078838174274,0.6156583656600453,0.6106512411099461,0.6082416345278598,jointAAE,70,5,tfidf-cv-glove-fast-bert
1,SVM,0.5114296491889853,0.5054089832302731,0.5045208083549332,0.4865281577932859,jointAAE,70,5,tfidf-cv-glove-fast-bert
2,RF,0.6931723877781969,0.6966760746966512,0.6902699698077899,0.6894975678490203,jointAAE,70,5,tfidf-cv-glove-fast-bert
3,NB,0.5170124481327801,0.25850622406639,0.5,0.3408096280087528,jointAAE,70,5,tfidf-cv-glove-fast-bert
4,MLP,0.4829875518672199,0.2414937759336099,0.5,0.3256855064353665,jointAAE,70,5,tfidf-cv-glove-fast-bert
5,Extra,0.6869105997736703,0.6924140295034755,0.6833969922120045,0.681817490860971,jointAAE,70,5,tfidf-cv-glove-fast-bert
6,KNN,0.502602791399472,0.5009933206706229,0.5009854715345274,0.5005197091357212,jointAAE,70,5,tfidf-cv-glove-fast-bert
0,LR,0.6245944926442851,0.624185093204141,0.6229361009275292,0.6227493497666519,jointAAE,70,5,tfidf-cv-glove-fast-falcon
1,SVM,0.5124858543945681,0.5064081245391138,0.5052544274135842,0.4853246846890153,jointAAE,70,5,tfidf-cv-glove-fast-falcon
2,RF,0.7827989437947944,0.7890704440119769,0.7800672241770354,0.7802916010653442,jointAAE,70,5,tfidf-cv-glove-fast-falcon
3,NB,0.5170124481327801,0.25850622406639,0.5,0.3408096280087528,jointAAE,70,5,tfidf-cv-glove-fast-falcon
4,MLP,0.5170124481327801,0.25850622406639,0.5,0.3408096280087528,jointAAE,70,5,tfidf-cv-glove-fast-falcon
5,Extra,0.7900414937759336,0.7931998490836182,0.7880480267251957,0.788498919874947,jointAAE,70,5,tfidf-cv-glove-fast-falcon
6,KNN,0.5051678611844587,0.5036663768205358,0.5036408917157208,0.5032574999811021,jointAAE,70,5,tfidf-cv-glove-fast-falcon
0,LR,0.5720105620520558,0.5710588826187895,0.5705764851774351,0.5703823800934574,jointAAE,70,5,tfidf-cv-w2v-bert-falcon
1,SVM,0.5145228215767634,0.508357083833864,0.506504789083267,0.4813548529181303,jointAAE,70,5,tfidf-cv-w2v-bert-falcon
2,RF,0.7455299886835156,0.7532150721476678,0.7422205289980107,0.7416518988998863,jointAAE,70,5,tfidf-cv-w2v-bert-falcon
3,NB,0.5170124481327801,0.25850622406639,0.5,0.3408096280087528,jointAAE,70,5,tfidf-cv-w2v-bert-falcon
4,MLP,0.5164843455299887,0.5015064100782648,0.5001111961901954,0.3568301465945349,jointAAE,70,5,tfidf-cv-w2v-bert-falcon
5,Extra,0.7529234251225952,0.758682026575759,0.750054281792959,0.7499057886123279,jointAAE,70,5,tfidf-cv-w2v-bert-falcon
6,KNN,0.5044134288947567,0.5027753358120473,0.5027519490047001,0.5022493392528966,jointAAE,70,5,tfidf-cv-w2v-bert-falcon
0,LR,0.5170124481327801,0.25850622406639,0.5,0.3408096280087528,jointAAE,70,5,tfidf-cv-w2v-fast-bert
1,SVM,0.5123349679366277,0.5057490175022996,0.5045482626566838,0.4809169347576092,jointAAE,70,5,tfidf-cv-w2v-fast-bert
2,RF,0.674688796680498,0.6768086866094813,0.6720347975126152,0.6713449709712274,jointAAE,70,5,tfidf-cv-w2v-fast-bert
3,NB,0.5170124481327801,0.25850622406639,0.5,0.3408096280087528,jointAAE,70,5,tfidf-cv-w2v-fast-bert
4,MLP,0.5170124481327801,0.25850622406639,0.5,0.3408096280087528,jointAAE,70,5,tfidf-cv-w2v-fast-bert
5,Extra,0.6681252357600905,0.6712303113824694,0.6650293121681978,0.6637850582760219,jointAAE,70,5,tfidf-cv-w2v-fast-bert
6,KNN,0.5047906450396077,0.5031387147987694,0.5031116128938439,0.5025932709007302,jointAAE,70,5,tfidf-cv-w2v-fast-bert
0,LR,0.5848359109769898,0.5841967535873898,0.5823424712281424,0.5812062079756221,jointAAE,70,5,tfidf-cv-w2v-fast-falcon
1,SVM,0.514749151263674,0.5089439115714922,0.5071759778119097,0.485133866151386,jointAAE,70,5,tfidf-cv-w2v-fast-falcon
2,RF,0.7855149000377216,0.7965477119154867,0.7820359107281383,0.7818934289812912,jointAAE,70,5,tfidf-cv-w2v-fast-falcon
3,NB,0.5170124481327801,0.25850622406639,0.5,0.3408096280087528,jointAAE,70,5,tfidf-cv-w2v-fast-falcon
4,MLP,0.5170124481327801,0.25850622406639,0.5,0.3408096280087528,jointAAE,70,5,tfidf-cv-w2v-fast-falcon
5,Extra,0.7921539041870992,0.7980527117086224,0.7895615234605157,0.7899227947887127,jointAAE,70,5,tfidf-cv-w2v-fast-falcon
6,KNN,0.5043379856657865,0.5027518952446588,0.5027303867220466,0.5022767553474071,jointAAE,70,5,tfidf-cv-w2v-fast-falcon
0,LR,0.5835533760844964,0.5834200791898723,0.5803157420208271,0.5779818850525451,jointAAE,70,5,tfidf-cv-w2v-glove-bert
1,SVM,0.5136175028291211,0.5073935572407715,0.5058605532079411,0.4825066412567724,jointAAE,70,5,tfidf-cv-w2v-glove-bert
2,RF,0.6824594492644285,0.6857511898150586,0.6794932161548632,0.6785487866415929,jointAAE,70,5,tfidf-cv-w2v-glove-bert
3,NB,0.5170124481327801,0.25850622406639,0.5,0.3408096280087528,jointAAE,70,5,tfidf-cv-w2v-glove-bert
4,MLP,0.5170124481327801,0.25850622406639,0.5,0.3408096280087528,jointAAE,70,5,tfidf-cv-w2v-glove-bert
5,Extra,0.6801207091663524,0.6855916739170351,0.6765221341845922,0.6747261403059324,jointAAE,70,5,tfidf-cv-w2v-glove-bert
6,KNN,0.5037344398340249,0.502041712858398,0.5020233444303872,0.5014717070750025,jointAAE,70,5,tfidf-cv-w2v-glove-bert
0,LR,0.5927574500188608,0.5941804235842385,0.5887286677568155,0.5848000728843519,jointAAE,70,5,tfidf-cv-w2v-glove-falcon
1,SVM,0.5146737080347039,0.5089407306881029,0.5072366530723996,0.4860909070620399,jointAAE,70,5,tfidf-cv-w2v-glove-falcon
2,RF,0.7780460203696719,0.7899158476910255,0.774386189508395,0.7739931866812253,jointAAE,70,5,tfidf-cv-w2v-glove-falcon
3,NB,0.5170124481327801,0.25850622406639,0.5,0.3408096280087528,jointAAE,70,5,tfidf-cv-w2v-glove-falcon
4,MLP,0.4820822331195775,0.4882235176838201,0.4946271053939304,0.4088975149875964,jointAAE,70,5,tfidf-cv-w2v-glove-falcon
5,Extra,0.7923802338740098,0.7987892964401788,0.78969302831228,0.790027798618952,jointAAE,70,5,tfidf-cv-w2v-glove-falcon
6,KNN,0.5032063372312335,0.5015871135999153,0.5015742973579184,0.5010963894144188,jointAAE,70,5,tfidf-cv-w2v-glove-falcon
0,LR,0.5487740475292342,0.547659092081443,0.5442239909979978,0.5380671989307522,jointAAE,70,5,tfidf-cv-w2v-glove-fast
1,SVM,0.512863070539419,0.5065505300957592,0.5052388825121363,0.4827542027038598,jointAAE,70,5,tfidf-cv-w2v-glove-fast
2,RF,0.6791399471897397,0.6801939023978254,0.6770128014770664,0.6767741762327738,jointAAE,70,5,tfidf-cv-w2v-glove-fast
3,NB,0.5356469256884194,0.5622026101893765,0.5219892659948261,0.4366716782246025,jointAAE,70,5,tfidf-cv-w2v-glove-fast
4,MLP,0.4830629950961901,0.5001147165718517,0.5000010028968676,0.3276330328237741,jointAAE,70,5,tfidf-cv-w2v-glove-fast
5,Extra,0.6795926065635609,0.6826541372257467,0.6766641694534663,0.6757335680343832,jointAAE,70,5,tfidf-cv-w2v-glove-fast
6,KNN,0.5038098830629951,0.5021255136240129,0.5021065848703982,0.5015627383018323,jointAAE,70,5,tfidf-cv-w2v-glove-fast
0,LR,0.6635986420218786,0.6634302807268213,0.6622039009679459,0.662235696590713,jointAAE,70,5,tfidf-glove-fast-bert-falcon
1,SVM,0.5220671444737834,0.5198400549351709,0.5193467581108031,0.5174684473686041,jointAAE,70,5,tfidf-glove-fast-bert-falcon
2,RF,0.8069407770652584,0.8134043250247672,0.804344975461621,0.8048437869491778,jointAAE,70,5,tfidf-glove-fast-bert-falcon
3,NB,0.5170124481327801,0.25850622406639,0.5,0.3408096280087528,jointAAE,70,5,tfidf-glove-fast-bert-falcon
4,MLP,0.5161071293851377,0.4898638231907918,0.4995099595180679,0.3506418426644077,jointAAE,70,5,tfidf-glove-fast-bert-falcon
5,Extra,0.8157676348547718,0.8190268697498682,0.8138990724708319,0.8145017077755363,jointAAE,70,5,tfidf-glove-fast-bert-falcon
6,KNN,0.5064503960769521,0.5062014608014482,0.5062073047999145,0.506157148554158,jointAAE,70,5,tfidf-glove-fast-bert-falcon
0,LR,0.6434552998868351,0.6429704673587786,0.6428158987234627,0.642864757908383,jointAAE,70,5,tfidf-w2v-fast-bert-falcon
1,SVM,0.5195775179177669,0.5172928580101608,0.5168670956056569,0.5149908606103799,jointAAE,70,5,tfidf-w2v-fast-bert-falcon
2,RF,0.8027159562429272,0.8047286040941646,0.801127807672462,0.8016316170879126,jointAAE,70,5,tfidf-w2v-fast-bert-falcon
3,NB,0.5170124481327801,0.25850622406639,0.5,0.3408096280087528,jointAAE,70,5,tfidf-w2v-fast-bert-falcon
4,MLP,0.5170124481327801,0.25850622406639,0.5,0.3408096280087528,jointAAE,70,5,tfidf-w2v-fast-bert-falcon
5,Extra,0.8191625801584308,0.8203006905256994,0.8179687025974527,0.8184438205352498,jointAAE,70,5,tfidf-w2v-fast-bert-falcon
6,KNN,0.5066767257638627,0.5064456188495897,0.506451886273501,0.5063961867880318,jointAAE,70,5,tfidf-w2v-fast-bert-falcon
0,LR,0.6223311957751791,0.6217379012686514,0.6213332210088842,0.6213666749551365,jointAAE,70,5,tfidf-w2v-glove-bert-falcon
1,SVM,0.5167106752168993,0.5145527128778296,0.5142642021479042,0.5128169128835257,jointAAE,70,5,tfidf-w2v-glove-bert-falcon
2,RF,0.7916258015843078,0.7948634676078142,0.7896213211862464,0.7900812131696278,jointAAE,70,5,tfidf-w2v-glove-bert-falcon
3,NB,0.5170124481327801,0.25850622406639,0.5,0.3408096280087528,jointAAE,70,5,tfidf-w2v-glove-bert-falcon
4,MLP,0.5163334590720483,0.4842018322541431,0.4995592268266889,0.3463116288649563,jointAAE,70,5,tfidf-w2v-glove-bert-falcon
5,Extra,0.8048283666540927,0.8061075287089103,0.8035099384572337,0.8039721839513203,jointAAE,70,5,tfidf-w2v-glove-bert-falcon
6,KNN,0.5050924179554885,0.5047668963161192,0.5047706550370746,0.5047411632264971,jointAAE,70,5,tfidf-w2v-glove-bert-falcon
0,LR,0.5969068276122218,0.5963001762558768,0.5961749262745439,0.5962014448767448,jointAAE,70,5,tfidf-w2v-glove-fast-bert
1,SVM,0.5141456054319125,0.5121776424396556,0.5119942704501954,0.5109648076521082,jointAAE,70,5,tfidf-w2v-glove-fast-bert
2,RF,0.7500565824217277,0.7504526407505487,0.7506586525177976,0.7500411946528445,jointAAE,70,5,tfidf-w2v-glove-fast-bert
3,NB,0.5170124481327801,0.25850622406639,0.5,0.3408096280087528,jointAAE,70,5,tfidf-w2v-glove-fast-bert
4,MLP,0.4832138815541305,0.5415407854984894,0.5001880431626754,0.3269391798694595,jointAAE,70,5,tfidf-w2v-glove-fast-bert
5,Extra,0.7582044511505093,0.7583089816460185,0.7586000913639046,0.7581558001349211,jointAAE,70,5,tfidf-w2v-glove-fast-bert
6,KNN,0.5001131648434552,0.4997498276570279,0.4997496518694248,0.4997296541970619,jointAAE,70,5,tfidf-w2v-glove-fast-bert
0,LR,0.6495662014334214,0.6490813171962899,0.6487976770902752,0.6488657837524825,jointAAE,70,5,tfidf-w2v-glove-fast-falcon
1,SVM,0.5159562429271973,0.5138952450996631,0.5136528111449923,0.5124189154405255,jointAAE,70,5,tfidf-w2v-glove-fast-falcon
2,RF,0.8227084119200302,0.832284989411146,0.819722267770455,0.8203048169806356,jointAAE,70,5,tfidf-w2v-glove-fast-falcon
3,NB,0.5170124481327801,0.25850622406639,0.5,0.3408096280087528,jointAAE,70,5,tfidf-w2v-glove-fast-falcon
4,MLP,0.4829875518672199,0.2414937759336099,0.5,0.3256855064353665,jointAAE,70,5,tfidf-w2v-glove-fast-falcon
5,Extra,0.8421727649943418,0.8490468489420051,0.8397283052095978,0.840565158016862,jointAAE,70,5,tfidf-w2v-glove-fast-falcon
6,KNN,0.5043379856657865,0.5040223643237766,0.5040256280265547,0.5039941283985307,jointAAE,70,5,tfidf-w2v-glove-fast-falcon
0,LR,0.7259901923802339,0.7258251935493281,0.7251637605222685,0.7253317186712376,jointAAE,70,5,w2v-glove-fast-bert-falcon
1,SVM,0.5365522444360619,0.5356970846423067,0.5356218938403579,0.5355879316838092,jointAAE,70,5,w2v-glove-fast-bert-falcon
2,RF,0.9149754809505848,0.9156129092762018,0.9143552401110608,0.914767990190344,jointAAE,70,5,w2v-glove-fast-bert-falcon
3,NB,0.5170124481327801,0.25850622406639,0.5,0.3408096280087528,jointAAE,70,5,w2v-glove-fast-bert-falcon
4,MLP,0.516635231987929,0.5053234989648033,0.500586067857005,0.3649559452541211,jointAAE,70,5,w2v-glove-fast-bert-falcon
5,Extra,0.9190494153149756,0.9198572959384896,0.918367078305686,0.91883580469105,jointAAE,70,5,w2v-glove-fast-bert-falcon
6,KNN,0.5006412674462467,0.4999313868875495,0.4999314269266777,0.4999239952668165,jointAAE,70,5,w2v-glove-fast-bert-falcon
0,LR,0.6780082987551868,0.6804447603496175,0.6752759094644882,0.6745365389508131,jointAAE,70,6,cv-w2v-glove-fast-bert-falcon
1,SVM,0.5101471142964918,0.5064751151962559,0.5061176708923726,0.5009648228988075,jointAAE,70,6,cv-w2v-glove-fast-bert-falcon
2,RF,0.8072425499811392,0.8105025458598762,0.8053255578739189,0.8058812495548839,jointAAE,70,6,cv-w2v-glove-fast-bert-falcon
3,NB,0.5170124481327801,0.25850622406639,0.5,0.3408096280087528,jointAAE,70,6,cv-w2v-glove-fast-bert-falcon
4,MLP,0.4829875518672199,0.2414937759336099,0.5,0.3256855064353665,jointAAE,70,6,cv-w2v-glove-fast-bert-falcon
5,Extra,0.810184835910977,0.811893254630494,0.8087364101206334,0.809247831907004,jointAAE,70,6,cv-w2v-glove-fast-bert-falcon
6,KNN,0.4993587325537533,0.4984572940088087,0.4984598011355801,0.4984148436056577,jointAAE,70,6,cv-w2v-glove-fast-bert-falcon
0,LR,0.5806110901546586,0.5797033600398738,0.5789042900417857,0.5785542326494177,jointAAE,70,6,tfidf-cv-glove-fast-bert-falcon
1,SVM,0.5105997736703131,0.5047383965587733,0.5040369106163152,0.4880138851216857,jointAAE,70,6,tfidf-cv-glove-fast-bert-falcon
2,RF,0.7537533006412674,0.764527018065098,0.7500190550404844,0.749163521261713,jointAAE,70,6,tfidf-cv-glove-fast-bert-falcon
3,NB,0.5170124481327801,0.25850622406639,0.5,0.3408096280087528,jointAAE,70,6,tfidf-cv-glove-fast-bert-falcon
4,MLP,0.5170124481327801,0.25850622406639,0.5,0.3408096280087528,jointAAE,70,6,tfidf-cv-glove-fast-bert-falcon
5,Extra,0.7554884949075821,0.7645570682966201,0.7520363820896661,0.7514771403303461,jointAAE,70,6,tfidf-cv-glove-fast-bert-falcon
6,KNN,0.5037344398340249,0.502314729251407,0.502300896138496,0.5019877335234192,jointAAE,70,6,tfidf-cv-glove-fast-bert-falcon
0,LR,0.604903809883063,0.6042460458988778,0.6033176831277144,0.6031144990857071,jointAAE,70,6,tfidf-cv-w2v-fast-bert-falcon
1,SVM,0.5115805356469257,0.5060471272866035,0.5052012738796012,0.4902245797799354,jointAAE,70,6,tfidf-cv-w2v-fast-bert-falcon
2,RF,0.7317993210109393,0.735796626312198,0.7291524067268305,0.7289458436999421,jointAAE,70,6,tfidf-cv-w2v-fast-bert-falcon
3,NB,0.5170124481327801,0.25850622406639,0.5,0.3408096280087528,jointAAE,70,6,tfidf-cv-w2v-fast-bert-falcon
4,MLP,0.5170124481327801,0.25850622406639,0.5,0.3408096280087528,jointAAE,70,6,tfidf-cv-w2v-fast-bert-falcon
5,Extra,0.7390418709920784,0.7413345082680471,0.7369533146493648,0.7370765244650745,jointAAE,70,6,tfidf-cv-w2v-fast-bert-falcon
6,KNN,0.5046397585816673,0.503221541299519,0.503202124336145,0.5028873117573811,jointAAE,70,6,tfidf-cv-w2v-fast-bert-falcon
0,LR,0.6104866088268578,0.6105078544403455,0.6079715006797134,0.6069688784463816,jointAAE,70,6,tfidf-cv-w2v-glove-bert-falcon
1,SVM,0.5107506601282535,0.505477489655234,0.504815033223466,0.492100357813014,jointAAE,70,6,tfidf-cv-w2v-glove-bert-falcon
2,RF,0.7579026782346284,0.7647863050518326,0.754854271563411,0.7546421558101087,jointAAE,70,6,tfidf-cv-w2v-glove-bert-falcon
3,NB,0.5170124481327801,0.25850622406639,0.5,0.3408096280087528,jointAAE,70,6,tfidf-cv-w2v-glove-bert-falcon
4,MLP,0.5170124481327801,0.25850622406639,0.5,0.3408096280087528,jointAAE,70,6,tfidf-cv-w2v-glove-bert-falcon
5,Extra,0.7601659751037344,0.7656096971650241,0.7574234426139905,0.7574210412164051,jointAAE,70,6,tfidf-cv-w2v-glove-bert-falcon
6,KNN,0.5031308940022633,0.5017068511326437,0.5016966507757658,0.5013820633908845,jointAAE,70,6,tfidf-cv-w2v-glove-bert-falcon
0,LR,0.5808374198415692,0.5799418272477017,0.5789329979646207,0.5784235226329284,jointAAE,70,6,tfidf-cv-w2v-glove-fast-bert
1,SVM,0.5137683892870615,0.5088476609203397,0.5077437428010809,0.4946832219750366,jointAAE,70,6,tfidf-cv-w2v-glove-fast-bert
2,RF,0.6924179554884949,0.6931364784472647,0.6906094503974731,0.6906001473044321,jointAAE,70,6,tfidf-cv-w2v-glove-fast-bert
3,NB,0.5170124481327801,0.25850622406639,0.5,0.3408096280087528,jointAAE,70,6,tfidf-cv-w2v-glove-fast-bert
4,MLP,0.5170124481327801,0.25850622406639,0.5,0.3408096280087528,jointAAE,70,6,tfidf-cv-w2v-glove-fast-bert
5,Extra,0.6881931346661637,0.6901710933461174,0.6857526715918931,0.6853499211765379,jointAAE,70,6,tfidf-cv-w2v-glove-fast-bert
6,KNN,0.4984534138061109,0.496915796739352,0.4969366515179095,0.4965500928979357,jointAAE,70,6,tfidf-cv-w2v-glove-fast-bert
0,LR,0.6355337608449642,0.6353638557783167,0.6355045298344267,0.6353494504047211,jointAAE,70,6,tfidf-cv-w2v-glove-fast-falcon
1,SVM,0.5102225575254621,0.5041902840120859,0.5035487505660099,0.4868821026416828,jointAAE,70,6,tfidf-cv-w2v-glove-fast-falcon
2,RF,0.771331572991324,0.7744067469570971,0.7692393227838612,0.7695606099043482,jointAAE,70,6,tfidf-cv-w2v-glove-fast-falcon
3,NB,0.5170124481327801,0.25850622406639,0.5,0.3408096280087528,jointAAE,70,6,tfidf-cv-w2v-glove-fast-falcon
4,MLP,0.5184458694832139,0.5153383721220285,0.5035038709311848,0.3918296492914033,jointAAE,70,6,tfidf-cv-w2v-glove-fast-falcon
5,Extra,0.7840814786872878,0.7852989317682196,0.7826798958792471,0.7830836587209109,jointAAE,70,6,tfidf-cv-w2v-glove-fast-falcon
6,KNN,0.5038853262919653,0.5023859819335821,0.5023697199360352,0.5019933320663327,jointAAE,70,6,tfidf-cv-w2v-glove-fast-falcon
0,LR,0.6842700867597133,0.6857392296012569,0.6819998315133262,0.6816959285203502,jointAAE,70,6,tfidf-w2v-glove-fast-bert-falcon
1,SVM,0.5191248585439456,0.5175611722725306,0.5173956222548832,0.516862686191214,jointAAE,70,6,tfidf-w2v-glove-fast-bert-falcon
2,RF,0.8202187853640136,0.8265074065843425,0.8177411703706154,0.8183792092697632,jointAAE,70,6,tfidf-w2v-glove-fast-bert-falcon
3,NB,0.5170124481327801,0.25850622406639,0.5,0.3408096280087528,jointAAE,70,6,tfidf-w2v-glove-fast-bert-falcon
4,MLP,0.4829875518672199,0.2414937759336099,0.5,0.3256855064353665,jointAAE,70,6,tfidf-w2v-glove-fast-bert-falcon
5,Extra,0.8382497170878913,0.8421985673337286,0.8363403942287297,0.8370844802139419,jointAAE,70,6,tfidf-w2v-glove-fast-bert-falcon
6,KNN,0.5042625424368163,0.5038934693025579,0.5038961289685255,0.5038759670052297,jointAAE,70,6,tfidf-w2v-glove-fast-bert-falcon
0,LR,0.5779705771407017,0.5770420079140315,0.5759805949485088,0.5753816490077527,jointAAE,70,7,tfidf-cv-w2v-glove-fast-bert-falcon
1,SVM,0.5108261033572237,0.5058836073260324,0.5052580629147292,0.4942882298577596,jointAAE,70,7,tfidf-cv-w2v-glove-fast-bert-falcon
2,RF,0.7591097698981516,0.7651147160574181,0.7562426569144975,0.7561595022289115,jointAAE,70,7,tfidf-cv-w2v-glove-fast-bert-falcon
3,NB,0.5170124481327801,0.25850622406639,0.5,0.3408096280087528,jointAAE,70,7,tfidf-cv-w2v-glove-fast-bert-falcon
4,MLP,0.4829875518672199,0.2414937759336099,0.5,0.3256855064353665,jointAAE,70,7,tfidf-cv-w2v-glove-fast-bert-falcon
5,Extra,0.7621274990569596,0.7664140610394701,0.7596596519045262,0.7598028166493366,jointAAE,70,7,tfidf-cv-w2v-glove-fast-bert-falcon
6,KNN,0.5022255752546209,0.5009794877546863,0.500975317203743,0.5007810983046563,jointAAE,70,7,tfidf-cv-w2v-glove-fast-bert-falcon
